order_guid,customer_guid,order_date,total
02a771c1-9885-40d6-9acc-75cd108e9218,022d6000-b4da-412b-ba7c-cd0dbf868af9,4/16/2020,161.67
38c18b12-dbf8-4e71-aefa-eda17eb24b19,67dc55aa-ba00-4c96-b692-7e1efa630250,7/13/2019,763.47
ab2cba21-5a63-449b-bdd4-e081ea0fbeab,656d4a88-773d-4610-a3b7-254e6f581666,12/19/2019,364.91
8f1e427c-5a69-4f64-b48a-41076e423111,5c173fda-8798-41e9-a9c7-7084826ba965,4/27/2020,238.00
75798466-8137-40c4-9ab9-cb4ff3d8d235,cd88083e-8af0-45d2-9073-5ff255d1d643,3/26/2020,924.98
68a77b65-37b3-473f-a399-84165bd229c3,1cd12fc3-c664-4588-90ea-8e3f6a4ce559,3/22/2020,80.90
cbe0af59-9d8b-480a-b15b-05be4bfc8586,29132135-63b2-4102-931c-e6b82b17fbcc,3/4/2020,489.87
8a96e0d2-5b9b-4b15-836f-462141b8a849,156428bc-e51b-4b39-84ba-f9ece7001281,3/9/2020,159.29
af353847-6e70-4510-9857-8cf8ff266a57,0aad6415-9291-4ea4-819c-4b398909ab01,10/5/2019,248.53
24ba812b-c2b4-42d7-bf7c-c6f905774d15,02d62554-3e60-4ef8-a760-b2c75a148570,3/11/2020,724.78
423edd8b-0042-4e87-811f-f134e9c5decd,c5ffdd4e-339c-4c3e-8119-1228ca4ba849,5/24/2020,424.60
7dc82d68-22c1-498d-95a9-aedfe20719b2,75d1bbd5-99ac-461c-977b-74d80a50de1f,3/9/2020,829.31
8c82390f-6fe4-4c72-9085-dd824040e5cc,77008850-ef9f-4835-893f-287dc5b028b2,11/16/2019,542.09
7be6cf92-4886-4a11-91ef-70696ceacee1,e376475e-900a-41d5-bb80-6b44db47e51e,9/3/2019,893.14
03e01639-48b3-460b-9255-89ab11cc819f,eeefbc2b-681a-42e4-b4c6-7dc2a1be6de5,7/2/2019,8.84
6a804fb9-5330-4e45-ad08-55490b5393cf,ebc211ee-00b5-41ea-a2df-e5d0f46bd0b8,6/9/2020,19.07
4262bcf8-d2ba-44b6-96d0-f51af87916f6,0ad6308a-2450-4de2-85b3-387ce19fa0d4,1/16/2020,556.15
624b2240-971f-449d-ba98-dd94256e968b,a20c4d88-e597-4f93-bc62-6b4bc6f46a19,11/4/2019,512.00
da86bf4a-871c-46b9-baf1-f6fe446a95e8,6ce789ff-5d10-42b8-a37b-39ddb20dc06d,12/31/2019,207.12
447d8c4b-63fb-46f4-990a-6b8bd516ccf1,51e799c0-5e16-4064-9184-7af03e35b51b,7/25/2019,257.08
1d4599d7-7e43-478b-8d7d-73be38805cb8,9bc6ae68-f098-47f3-af52-1130cd95b01e,11/24/2019,370.93
6708e60b-719a-451a-ae79-3e1cfa5a8eda,e2a11596-48ba-4fd6-a135-658a4deff7af,7/17/2019,171.81
0be3950f-7fc3-477d-b0ac-addbc86f2654,5726520b-a1f8-4a96-907c-5c7185b62a92,3/18/2020,412.29
f7f0e128-aa03-44ba-9643-aa4248f12b46,95b03266-122f-4610-8c52-9c629162dbfd,10/13/2019,802.47
c14a0a40-46b0-4d13-91cc-60de847bed79,8189539a-8e2f-4c8b-a8aa-570c9faf6666,9/7/2019,235.90
93987116-a5e8-41d3-9c88-dbb267d58c82,d0b1f27c-c2e0-4508-8939-dfa59d54b1e7,8/27/2019,417.75
b8c4a884-e842-438e-ae30-a563eeb5ea6a,16373123-b4dc-4ca8-89ca-6738de94f9b2,1/15/2020,90.00
dc02ae52-61a9-4289-bf5c-c66b6c08ea9f,12f1206e-c31f-4f47-adb0-e9a715335997,12/25/2019,76.99
7891b7dc-3e73-4dd8-b469-16f59534eeae,73eb8324-ef4c-4de2-93ac-dc1cfaf53828,6/8/2020,515.31
0deebf5d-5293-4d96-9b82-fbe520e1dbcf,e669b367-a2ac-4176-accc-f28686d912c8,7/30/2019,584.49
8156a185-3e16-4b27-b11b-b145de117527,835130dd-5a07-4794-9963-05dc26bde35f,6/27/2019,219.47
2f6dfeb3-d820-4256-92d5-991ca1612e73,badbe577-2cd2-45aa-b527-1f395996d2d2,11/19/2019,347.16
652b9a15-e41c-44e3-ac4a-ab496637fb1c,502d60cb-7cca-4d4c-93f2-68c83153a5fd,4/24/2020,366.23
a6d7feae-62c4-43bf-b112-692f7307fe21,43ce79cb-eff7-4111-9f81-8fac3866e19d,1/24/2020,889.31
c3a250ec-6753-4dfa-a2c2-cbe67b26e091,c5b4b822-2b59-435f-a697-6f1d4bbb0684,7/15/2019,449.72
44faab66-036c-4fc4-9df4-c2a35610a7c8,af919095-bfcf-4e5c-98e2-19f4102c6f23,7/26/2019,471.83
d1613301-0399-48a9-8cfb-b58565032313,cd88083e-8af0-45d2-9073-5ff255d1d643,5/30/2020,173.97
5d7d7f1a-e950-4e16-a6f4-ce8272d42734,64177b92-8c94-450c-ad0a-88f38e02ab5d,1/9/2020,867.75
3eae0266-868c-4853-980d-b6afc0f9d52b,fd1afe82-8359-4f23-b24e-c76e29e005c4,8/20/2019,178.66
83886044-d2cc-4a06-a0ee-ccec63282382,4bec0399-f087-4891-9964-9d53db9366c9,9/23/2019,567.19
68a14527-92ba-46cc-9e2c-ce0521d6a8bb,8189539a-8e2f-4c8b-a8aa-570c9faf6666,5/6/2020,44.97
4b26bd31-bfc4-45ca-a56c-cf77735bf89c,05acf02e-2c56-4659-807f-e815e70bb389,2/7/2020,639.95
900cf388-8bdb-4c9c-94bc-50d5bb2f711c,8e00229d-68ae-4eff-8bb4-fa08b39be218,2/4/2020,699.50
0284b6ff-b758-4173-8ce8-b1b4c98051c7,c7373e47-bf9d-4819-b682-0d6e64b3bf0f,3/8/2020,777.96
4b49f359-75b5-4804-9e8c-030e9e3b019d,d68b8978-49f3-46c4-a52a-132acb883a06,1/3/2020,466.10
9c495fca-e73c-45a4-bffe-58106f33f8ad,6469b586-c682-4ec4-95ef-22805fc2d4cc,4/1/2020,832.31
02864b30-804e-41b6-af1f-166b1f5ea6a3,9c38a133-6b5e-4de4-9a64-7ea2fb48de9b,12/23/2019,778.25
9d8b3fec-4886-43d5-b1a3-d0cb410251af,63c95bda-9941-4288-a794-b81e272b92d6,7/24/2019,397.27
96274124-8327-46b5-94a6-dce4db1e0162,6ede9dee-cce7-446f-b3fa-ec41263ce8bf,1/31/2020,132.14
2525a72f-6043-4eff-bf3b-1239310eb0cf,10714a0f-3ed3-4ecf-8c7a-2b05497df7d3,8/2/2019,603.85
441aba13-221a-4662-9119-c628522ed764,e8f131f2-057a-441e-becf-b649038da782,5/25/2020,413.65
ca8749fd-2720-47db-92be-43bac701dea6,c46e5928-84a0-4ec5-ba9c-50d504944bc5,1/8/2020,961.24
57a19ad2-b94e-4fe7-9391-087f6927c2db,f01107fe-fbb5-40d3-8d7f-0a48e90877a3,12/2/2019,660.05
4bc7778d-e668-407d-95c8-0bc7abd7cd06,09118105-fcce-4600-9cda-363da470f0c3,12/8/2019,688.73
4aff135e-42ea-4acd-b9e1-4cc1a1615f31,fbd50006-be59-4ae1-9152-6ed07763d0e2,5/29/2020,632.39
1593d5fe-cfce-4602-b411-eb70d69db5da,ecbedbf5-f64a-488b-8bc3-045aec6fe25f,9/10/2019,812.39
90c350db-32fe-421d-aedb-4977151bd91d,86ee9d14-b252-4c6c-b186-043b5edc8b00,12/25/2019,958.70
6c62c65d-91ac-4fbc-9fe7-8539615a7dc5,3c548296-7505-4e7c-a6fc-e2b1a12a8227,2/25/2020,453.02
f3808bca-bbb5-42fc-9e59-5658f7744609,5bf95a49-ff59-48c5-b388-d988e5741e96,9/14/2019,279.12
2f82fa94-ddb2-441d-9602-8247692e68f2,2438d817-0a68-4df0-ab98-2d0186dcd079,8/11/2019,879.76
68d5c78b-0f25-43a5-9486-bd6e1fd21f9f,661dcef4-d685-40c1-9728-b0b2b758dcb7,12/6/2019,718.89
04c4984d-9c87-48ee-bf45-727919e970f2,4bc7cfb3-69cd-414c-8af4-28130280b6eb,6/19/2019,960.87
8276a207-8821-4b5c-808b-ebb6fcfcb330,d3d4fb41-c536-40f7-a9e6-93711d76720d,6/28/2019,687.01
13c29db9-c78e-4c2b-816a-2a8566afdd3f,cc71a798-7c1f-49f3-9f5c-ff4c572c515e,1/9/2020,818.11
7ffc8533-26a7-474f-a6d2-c313c8dcb3d2,79005c1b-431e-4291-b422-088f5735b262,7/1/2019,731.23
4760bfee-9354-4d9a-85bb-cec5b7437bb6,673a58da-7747-407c-b1f6-d10fed943888,9/11/2019,858.35
c61d9679-0a6d-435d-9ade-14488f6cc60c,9bc6ae68-f098-47f3-af52-1130cd95b01e,11/19/2019,611.79
dde068c7-6f82-46f4-9c56-2804c556a418,3f1d8832-f8a9-4da5-86bc-4e92e6570936,2/22/2020,551.72
3631f721-e0ef-44bb-9757-5d2a3d999411,77a60c21-6a37-4cb6-9f0a-495a8ab67c05,11/5/2019,778.17
9d9192ec-fee3-4f1a-a329-0b4cf9e847c5,f86d65e1-ca92-428f-abfb-627ff0d4a83a,2/18/2020,23.20
28533b62-226f-4bb5-8ba4-2b0ccacbee0c,ccf6d341-402f-443f-ba9c-9d45dbfa123b,5/10/2020,894.18
84eb6974-7e3a-48c1-9a96-97cdcedbc217,abf08aee-4c40-4fca-84dd-c7a9c7889e96,1/25/2020,907.75
3c5dfe4c-6105-4268-847a-9b7c5af48783,471c0c9f-8865-4d73-9707-dead1dfce926,8/3/2019,26.30
cb7a0ace-3349-4e39-b8ed-c607305420ce,2a585d96-8355-4c73-a2b6-afec4806c383,7/1/2019,777.08
dceea619-f470-4893-9cc5-5c847eaf771c,fb68f3f9-3ece-44ee-a330-fdca0e4573af,2/9/2020,603.90
3526da9e-9614-44ad-951c-b1dbdafffb2a,4c91a03f-3219-487f-ab88-40078c603f83,5/17/2020,387.06
d379ebaf-c3c1-4255-83af-f145664a3e4e,c5ffdd4e-339c-4c3e-8119-1228ca4ba849,10/24/2019,287.98
39818c38-15de-427a-97ef-c36183f18647,81eef131-4b3a-4206-bfe7-07f49f59682d,6/6/2020,978.36
e3104675-b78e-4364-a3fa-b6627ddfe8d3,7ac378e7-4542-4806-b69a-50a9b047a414,5/19/2020,262.16
1319cd73-3228-439f-a26f-b53281028731,708fcc04-e387-47e3-b85d-99ccd4e18320,8/20/2019,186.87
2f485ae0-5f00-4596-a730-2d026e3612ac,2bb4a810-7f61-4202-a581-bcb8a5a7602e,6/27/2019,324.45
b759b98a-e00b-4f91-a071-269745b82dfc,f6c5664c-3952-464a-8ab7-c34a2c992839,12/13/2019,218.67
e908ea49-ca8d-45e9-bb26-402d9cdf636e,f3f62f34-1c33-4e10-8506-af50922b8414,4/15/2020,785.70
3f22e0b7-3e86-4ba8-8b5f-b43bc640d5a6,df775610-87d4-435f-a8e7-4b515ddfefae,11/5/2019,44.68
f850a47e-fa49-4e2f-9725-5384094f109d,f6c5664c-3952-464a-8ab7-c34a2c992839,6/24/2019,814.40
26c6ff3e-2190-4260-a951-e53d172c2c44,6608fdb8-a258-46a3-b25e-0f11d5563a4b,6/12/2020,390.92
260f691c-6aa3-4d59-a285-bf1d0100b956,02f8730d-9497-4b1f-a4c6-a1a5118cb87a,6/6/2020,919.45
1855730a-fbbe-422e-8acf-b152a9b971bb,cda17c89-fb1f-4416-8530-043e295f1ffb,11/20/2019,540.74
c6b096f3-8a50-4e01-8458-3f34342278c6,cd1fc676-208a-48fb-b1bf-bdb2a05fa45f,10/24/2019,776.56
460987e5-14a6-44d8-9550-0cd24b675335,fbd50006-be59-4ae1-9152-6ed07763d0e2,9/19/2019,549.52
0f5c3bf3-54bf-494e-9adc-bc370717d3d7,5f417036-ba7e-4ef0-adc3-51b7c0fc503c,5/14/2020,82.26
987ccf4a-94b0-4696-9779-dd85041b7c7a,30bfb23a-eb85-4e71-9be4-ab696b75b681,11/16/2019,150.04
57b933c1-6d47-4e71-870b-1a8d4658ec9d,f3f62f34-1c33-4e10-8506-af50922b8414,3/1/2020,110.46
d864d223-bbcb-4092-a973-878eabbdc80f,87700dc9-bbe4-4a3d-9e5f-a2af5c7e29fc,8/14/2019,261.54
aaed073c-7548-4dcf-b916-3713507a5372,6ce789ff-5d10-42b8-a37b-39ddb20dc06d,8/26/2019,725.91
5e5f22c0-bd0b-42b8-b4fb-59d71b691654,e1339967-f4e2-4372-9569-08c49ffcc3d3,10/1/2019,806.28
0107f94f-066b-4881-8301-6b619442613a,e9e72614-602d-45fa-bbc4-baf7db706c03,9/28/2019,441.94
da80d75c-5ee2-4be1-9f89-445ff5c28c20,976fa9fb-2dce-415a-bfc2-bb6cdb68a240,11/24/2019,374.45
769c391a-e3cb-488c-b3fe-b02faab161f4,02afa333-08d8-4046-b919-399637790a21,10/19/2019,809.46
034d98aa-9aea-4994-b2b7-6f8fd8d9aef3,c62130f0-775d-4807-ba6d-4f06008442a5,4/29/2020,457.09
60fefb4e-bfd6-4478-aa31-4cc6fe3274f6,e33933af-9fdb-48ed-9401-2be3d47dbf1e,5/1/2020,157.51
788b067c-324e-4b24-8fe7-0910240b3f6f,d81d5d55-fb37-4c3c-95b8-576bd03d16bc,5/27/2020,635.01
3efd2db7-210d-46ef-87bc-8d307847bd10,19b4e624-e8f9-4652-a30a-9ad173bff673,10/22/2019,400.84
69a7d42f-9fee-4ee9-92c6-26fcaa2d3fff,268c3eec-1b21-4a80-87ad-980fa471afac,12/24/2019,244.94
be5794dc-920f-460e-be2d-6446fc7e960e,e615c90c-6d53-45c1-b6fc-25e1287d7b50,10/20/2019,267.49
4ccb7dc1-f0dc-47c2-8a4f-c302afcf1104,a8de61d3-7e9e-47f4-bd19-04c1f4e21f01,10/31/2019,583.48
3a3e42db-f6e7-4728-8b57-809528229c7e,b35bc2f0-a12d-4597-8745-407e2bc5f0b3,12/30/2019,523.36
2c5fd4ec-fa74-4e33-a140-1b0d4d1481ba,9f0f8e13-8e32-42a3-b228-4919122748ce,5/2/2020,444.97
6c93a87b-b584-4e77-81d0-5f4dabbeb992,502d60cb-7cca-4d4c-93f2-68c83153a5fd,11/14/2019,649.44
94897c68-ea3b-4782-8b4e-90d906968b50,dee42b50-3f93-4ee1-ab36-39771d89f722,10/10/2019,39.01
d27ff00d-5d7d-4e5b-b26c-e4e7370c833c,0f42d3a5-5fe3-431f-bde7-e0d8bad6c2a2,4/9/2020,243.74
b1a58ed1-b091-4421-8b1f-ab14fe60f203,e69b096a-cbc5-4e68-82d1-b4545e26b6d0,1/12/2020,688.51
e1bbac8b-26dd-4bd8-9d69-f88af5afeea1,e497e29a-2443-4fcd-92b5-de48f351d251,2/26/2020,803.99
c7880f29-6b40-4fa7-a8bc-3badbcbe5d87,50b9bae6-7b89-4b7e-9278-6616ed494a5e,4/17/2020,955.69
412b5e92-469f-44e1-9eb1-9694d47fbc4c,9918c48d-e56e-49df-9648-5cdc79eca4a6,11/3/2019,518.47
db813025-6136-4e48-8b9f-3b29c6472646,da1c2329-3266-4b69-8c86-b5a441e35716,6/8/2020,414.06
e2e2b058-1027-4e4d-a108-0b36c5c09347,d88a79ca-119d-4cfd-85d6-d0ff8026cbc7,6/10/2020,467.41
5159915a-1066-4075-b8a7-490005b15a3b,4191dd5e-c25d-4984-8276-86995ac9bdef,12/25/2019,941.22
da82619b-c925-478a-ab05-e06eb3ec9682,f3d5c8be-8c9d-49d0-b49a-160aec0435f6,5/26/2020,890.29
1005b4da-8e23-4bf1-bb1f-a9b593485c5d,e932bf20-16fc-4c19-b8ee-d48bbc84e6de,5/21/2020,541.85
1426e368-259c-4148-9cb6-69e50757056e,c04db8c1-5727-4dbc-a9fc-f5505c7d0158,3/19/2020,848.17
42f2677d-478c-41bb-859b-b5c2284160f2,a6166116-a54b-4e31-802f-ba5a992e69ad,1/25/2020,929.94
87b0290e-514a-4b75-bbef-4105d2605f84,bc1553f2-c2b3-44fa-b832-3b84357df891,2/11/2020,494.23
f0c3d16c-195e-4e82-ad1b-515cd9639029,1128b534-a987-43ad-a96f-0c2ea22657a8,7/6/2019,992.64
7d53b996-315b-4bba-91a2-b6cd7681b011,2be23a21-dab3-40c4-b990-3002d1cdd590,11/2/2019,132.68
275f399a-90b7-4339-ad61-65590853484b,5aed71d8-5746-4f2a-b30d-03b067304574,11/16/2019,433.72
4729bae1-ffe4-418f-a93a-6cbdff7dece2,595d44b1-67d5-4511-b8d3-800a50640ecd,6/5/2020,992.66
20cbd65a-33dc-46df-9323-2defdf39682b,77a60c21-6a37-4cb6-9f0a-495a8ab67c05,2/21/2020,653.49
5247ad3b-bddb-4026-b0ad-a6e2afcd4e38,52d975ec-ece1-48ab-898a-5ff982597b82,12/25/2019,175.97
9e5c0815-d28c-4d41-847e-e2bea56b3774,ffe7db5e-3526-4e41-b974-f3f1e0f9fa1e,3/15/2020,251.84
d0e0c9f2-d8b0-4935-9c2a-d9f54362e9c3,e376475e-900a-41d5-bb80-6b44db47e51e,10/22/2019,159.75
fe33adad-e6d9-41d5-b32b-7c3fc22f7dee,cb2d724a-2ea5-43b7-9198-8773b7b5524d,7/15/2019,451.46
868a6491-88cf-4e6d-a1c6-354d731f5465,fb88e3da-cfea-4c41-9841-c96032c0077a,6/20/2019,594.39
46c428f7-2721-4975-b8a7-eea7969f8152,bbf4d5ba-35e9-4a59-acdb-e51d18181f53,10/7/2019,201.02
52c8b312-82ef-4cd2-aa5c-ef7c6c4c99f9,d5c4af7a-d8d7-4719-9b83-c48ac6cefee6,4/8/2020,227.66
0fc7daec-4bc0-42c2-add0-c9967991b844,b10fdb9d-a6b7-41b8-9ca0-130963d5dc09,6/10/2020,473.90
3d2e6cbd-dee3-49f8-a48c-fd15e408153d,325683de-3aec-4003-9ba0-6c55de47ca62,5/20/2020,174.97
8266f032-4863-42f3-bcaf-66fb51c54c49,8228e468-b71e-47a2-bcd6-790042ceb98f,9/18/2019,429.45
5707312d-bd9e-4b14-a48b-0c22df283e1d,839befa9-5927-409d-bcf4-0f746dbc77a9,1/22/2020,624.88
bf18052f-93f2-44c6-aa26-76146e39f873,fd9a560a-6e3f-4321-b8a4-c185ad96216a,4/13/2020,910.62
d86bbb25-de72-485b-bd5b-f1c823427c92,251220f6-afd2-4069-8e6b-4797cba54205,4/13/2020,455.45
5551107a-c365-4e8b-91e0-9bafae4ed1ba,ae9897c1-12a3-48c6-a3be-f674506cb521,8/3/2019,711.91
41d819e0-9371-428b-89d0-49fb671c5cfe,5ac7eedf-c8f3-44e7-93fb-37a1c8f7c8ee,6/22/2019,481.34
1520a42f-60dd-48da-a175-91adfc19abbe,7aba2cde-9541-4f29-acf8-4953e1cee495,6/5/2020,843.03
395e0220-8280-4410-a3b7-3b528c185992,903b40d8-dee2-424b-86be-01ab73c36ca6,10/26/2019,654.19
50f1d738-e7bb-4f30-9695-1f3fc0b78e99,77cda1cf-5f89-4dbf-b084-38d5199a940c,6/11/2020,298.72
21c21c70-d2cf-4712-8e2c-4fd879b6f5ae,51ec80b1-1474-4bd1-9112-4c74a0f4b3df,7/4/2019,644.98
8b680f0f-b0f1-4067-8f74-c7ceb0e9328e,4c240259-03e8-48b0-bc21-b5a0c2e1df7d,3/17/2020,405.14
6b12eaea-656a-4c3f-8c98-d486d8e9058b,64fe4d35-c22b-4369-b4ce-25dc3c48f9e2,7/21/2019,677.48
ad28b76c-eb00-47cb-bca1-2ce2c84d2396,f2c970dd-4eb1-4e94-b4f0-a64a4bf22eec,11/9/2019,10.16
7eaef19c-e004-416c-9deb-ffc572fcebe5,38e36800-f16c-4096-82a3-545d1de15a60,9/8/2019,405.80
64686733-9b39-4b9f-9c81-a20f0fe19d4b,b10fdb9d-a6b7-41b8-9ca0-130963d5dc09,10/6/2019,242.04
92463763-d6bf-4324-a6f0-cb7f700ca386,45d359a6-b0ba-42ec-b6df-3c84fed12c0f,2/24/2020,208.32
08aed4bb-3924-4121-bfc4-a3f83a4cf6cc,235f3820-0504-4a87-9d6e-9908089ec99e,6/10/2020,914.15
5a915bb9-5dee-4a95-bfc5-e53adb53a576,296ae07d-e8b1-4d0e-9512-573189df9a73,2/11/2020,941.60
9957d05d-ece2-489e-aac6-68dcba81f25f,c609fe8c-2a6c-45f8-9b07-93c02bac0d90,10/10/2019,548.29
33cac02f-31ea-4d61-9756-f58b6b1032d9,abb5d342-97ef-4fa6-830f-ad61bd1d7e37,5/30/2020,137.13
40d6d82f-6dc7-4fab-848b-d6f17645f09e,124b2c2d-1184-4253-936e-4d01310bb4e2,11/2/2019,796.53
205fc340-ccd6-4936-98ca-0b30cbfee060,4dfdf7a5-0d5b-4dc9-84c9-30b8569d687f,11/25/2019,89.14
6d3f7dea-65de-4998-9471-621a294e3528,52d975ec-ece1-48ab-898a-5ff982597b82,12/19/2019,878.91
dfc390d0-402a-4f55-aa87-86b8a91ec664,0a8786b3-81e8-4583-bc64-28971ca0ff6a,10/10/2019,658.50
67e25a67-2ffd-4621-87e6-df783c3a25a1,82493446-c06a-4529-8009-ae84c32ea7c1,2/9/2020,34.97
667104b3-fd75-4a5d-872c-b1949c98cdf9,89bb414e-fba2-438c-8de7-6feb3ee2a206,2/21/2020,481.16
f3fa8c1f-8903-400d-8064-f0020e91010f,69505006-065b-4850-84bd-7cf44a097154,5/19/2020,715.40
b614263d-bdf6-44d1-ab26-a1d0d09c720c,b11a08c3-a339-4e4e-aebb-2926c926ce82,12/4/2019,922.48
c9292a58-e9f8-43f5-9f48-47f102827e41,75aa689e-e63d-4e39-a19f-33af4d085c64,2/3/2020,603.93
ebd350b8-bfd5-411b-aed0-01288cf3d821,9918c48d-e56e-49df-9648-5cdc79eca4a6,1/30/2020,442.26
9cdae2a1-df22-4d59-a5ad-63ffdab89f49,862f0466-94a7-43c8-9559-0a5a228c6744,8/10/2019,891.06
70b9e779-2178-400f-84a1-da70d4d9e243,4b5b19cb-8918-4e0f-b91b-4312a97c604f,5/28/2020,70.14
0fe38c7c-b206-4912-9151-8e7b282470af,678cad13-9b35-4188-be8f-f6f76cb9f93d,6/12/2020,675.49
4f4f262e-d4a5-4c82-95b7-419df463e3a2,5a89bb3e-1a9b-4441-a120-113b56d7efd0,4/22/2020,548.87
46d46221-d1da-49d7-a908-0d2cc80d0674,ac6e69fa-37d6-4061-a410-629a732a31ec,4/18/2020,408.15
09671940-fb95-4359-be35-e53e1cc12c9c,63802387-647c-4ef9-8ec2-d969eea9f455,2/23/2020,587.37
e1119123-3d97-4018-9d52-94808670f036,4b3d424a-2bb8-4b1a-b525-0b35400c4de8,10/14/2019,117.59
8f0b7a2d-d3aa-45f5-a7c1-bf1bec725439,18143452-5926-4d19-8302-2c7f9515149e,11/7/2019,783.34
382bc99e-d27f-433c-a430-5075c676ab14,0d4432ae-5163-4f3b-b343-46811469a9de,2/7/2020,414.38
ca4044c5-b539-4810-a306-937ab049a3a8,88fe6dee-6bd9-4cc2-a170-d16d851f0c3d,7/17/2019,85.98
87ecd785-daeb-47ef-9778-ec8e00372f00,5779261f-6149-456b-9f1e-1098725bb5a7,1/5/2020,177.22
e7675ed4-02db-430d-96c0-ba149ed239fc,fd092185-0657-487e-b6ad-f1985f32642d,12/4/2019,147.19
1d1f04bc-ec44-4049-a1f9-86b91afba5e2,f0ab88d2-cdbe-47df-a6e5-75b50a9c2342,4/8/2020,513.13
4daf70b4-2b05-496c-8ece-0fc594bc2a06,4b3d424a-2bb8-4b1a-b525-0b35400c4de8,11/13/2019,727.58
2263b29a-2e4d-4f28-b1fe-c5e87ed1f6f1,7b304f81-b5b4-4514-af61-43ecf2900635,5/26/2020,114.54
e1af15cb-eb07-493e-b9f8-8c9241a74182,02b3f8f7-9062-456b-a5d0-691f35ed9360,10/10/2019,335.23
be2dd404-9f23-44c2-9200-820362d29d31,eb61daa5-7d7d-4e85-8982-3ec5259f580c,11/27/2019,626.90
088599bd-a0c9-4c08-a7dc-b9f1307f32fe,e85fc1ca-383c-4b5d-9d9f-bda60cb55120,10/9/2019,337.98
05364826-5fbc-47b8-b9e1-2b5a6d44eca5,cc859743-e7d1-44ee-9a10-1a1faf265b43,11/10/2019,713.46
65294458-9292-4b65-8d21-742c7293a472,4f8ac2d4-229d-4d01-b799-016ae13977a9,6/4/2020,202.21
8df7f00b-c320-4c8b-a530-ed865ef6b0df,73e164d7-7251-4226-97ac-9fa3123cb686,11/2/2019,111.08
18593e4f-d8bf-4252-9307-474554a1ad2e,c1e1a660-b18e-4d0c-960f-951187a97584,3/24/2020,13.44
ce6a8bca-7d55-494a-b314-566b44d90453,68d24598-7051-4b5a-8584-3880809f6629,11/22/2019,121.79
86034faf-3179-4667-b406-ae46c04a654a,8b574483-6fda-4479-817c-c87bd3bf0f39,3/17/2020,415.08
cc7d45ca-6d36-43d8-a37f-f7d7ba78f6fe,844333a9-fb6d-40b8-b280-6376731440f8,10/22/2019,666.89
1f0819a1-4468-4b7b-ae04-ffe3b2c6ae54,01f0fe5c-df9e-4058-b8dd-45897f3a3945,12/14/2019,925.08
1f7d835b-8439-4d08-804f-9fa8bef4733d,75aa689e-e63d-4e39-a19f-33af4d085c64,9/7/2019,11.20
0478b4b1-d459-4b3b-a811-2dc6d6857e91,1c626561-36f0-4a3d-854d-2139ae4d8f4c,4/25/2020,724.67
32b56887-f3c1-4f82-b9e0-788b2829080d,ee4a009e-252b-4f90-9ea5-de9406c69ea8,11/17/2019,758.88
2ab2bb7e-89d9-4e29-afd1-e0e3aea2cab7,944a4572-e4e0-4ef1-b2cd-66428ca460ef,8/24/2019,29.78
1428900a-8625-43f3-be96-321cd3928f37,b5208cda-5bda-48f3-85dd-e5b055eaa0f9,7/27/2019,283.27
0e3de1ee-b868-4147-90a0-9b692ad88c73,2ccaef62-f78c-4eab-a341-dd4b4481ea13,7/7/2019,312.89
8e55451f-ec48-479a-9a8e-fed216a9b24a,59d563c8-f91e-49e3-8f53-481aa55cf75e,6/12/2020,267.48
d88fff09-4b49-4381-850b-05d80018363a,6636f6f7-ee18-4561-b42e-970de2345847,9/19/2019,757.69
d0f7b82a-1358-440e-b19b-48eb3b277341,ac6d0814-500e-41e9-8ce3-1bf72bbce02e,3/2/2020,185.99
27c89486-a8c3-4c1f-bd49-353b2bcdfac5,390ac7f3-1eb1-4bfa-8562-16dd3878041b,3/11/2020,932.86
93a1fef7-2e1d-4778-b088-5583198b444e,ac09c08c-36a0-41a2-8b25-afd0d599f456,7/19/2019,892.97
c1130d2e-72ab-4066-a3b6-fc29e3c1bff0,8542b10b-b57c-4ec2-b26b-1dc20328728a,4/21/2020,14.59
ce83fb5b-1415-4ac2-b043-27bf04f24059,b5208cda-5bda-48f3-85dd-e5b055eaa0f9,2/4/2020,707.96
9fafde65-efab-4e23-9671-d451cfbcadd9,0ccbb5a8-d415-443f-bbb8-ddee455514ae,4/2/2020,149.55
85d38a4a-4a68-4492-a277-06c53bb028a0,0dbeb56e-642e-429e-9f41-b4461d1091a8,9/29/2019,442.44
bb5d42d6-9678-43d5-afae-58e68f4dc7bd,fd1afe82-8359-4f23-b24e-c76e29e005c4,8/18/2019,73.27
f5082742-a275-465b-a9e9-f1857d7d917e,5b4bcc20-232d-4756-b957-e67cf4286041,11/6/2019,124.81
564c0036-eb4e-44a5-b082-f400ab61ba19,61167e60-57e6-43b8-a900-ab6a48d0b72c,12/23/2019,970.28
cd488331-8c37-4b01-853f-2d0cba7a3503,54a4cc5c-f27c-4211-b8ac-0fb3be4068ed,7/30/2019,879.05
2a94ab6b-6178-4483-8efb-1a823bba86c0,b767811f-d0fc-4ab3-8288-32be139fe389,10/22/2019,789.70
dc9091b2-81e2-4977-9e13-5334dd2d166f,60b35d65-177d-4808-9add-88f54b7be347,10/16/2019,413.83
7fca3c37-cd79-462d-ae49-09bcc49978ad,7c42c352-81f7-4fee-9c64-a0b4d3f450b5,2/23/2020,140.00
bc4297dd-b72e-46f7-857d-99f8d8acefb8,8252ea4e-9773-4e70-849a-6b51a083af12,12/9/2019,230.34
09473bbf-a390-458f-a4c0-547fb273583f,4dff10cb-b168-421a-b315-b251d6691e62,8/23/2019,497.40
0417463a-d9e0-47d8-84e2-ffc8ac0a3bea,5d31f169-2a03-4e6e-bce3-5fc38e7aac38,7/5/2019,616.45
6b8d0217-df35-404c-9d06-a0d958883941,66da334f-29cb-498b-b18e-c7f3ba4d910c,3/27/2020,724.57
1cd53613-f9c6-4a9e-bfd6-77e72b52284a,b11a08c3-a339-4e4e-aebb-2926c926ce82,3/31/2020,890.14
7d1508d4-bf80-4792-82ec-c0476516385d,c7de7ac6-1e2e-4b91-8d78-a2b05c69d2ec,6/17/2019,613.67
762d7404-034d-479d-a5f3-678077f8b638,c0bcf0a2-fbb3-4cef-baac-c5c908183e3d,2/9/2020,360.54
c9fd5e49-c557-485e-9a77-3a0afe8c28f7,97c5dc43-5fd3-4c80-bdec-11ac96c69e4e,5/30/2020,968.61
260b9134-798b-4da5-b5c2-0c848500ce5d,f9e7197d-2c89-483c-aeb6-13eb216decd9,9/16/2019,680.61
968d62e4-7d13-433c-bed3-36aa9b7873c3,07001850-0a57-4824-8ef8-a410d9b7000b,3/28/2020,435.02
5df73551-6770-4aaa-a025-a7f79e9c5db7,f3d5c8be-8c9d-49d0-b49a-160aec0435f6,11/5/2019,422.12
92988ce6-70cf-48c4-aa1e-e1f6657dc568,f750334d-6a10-4622-a7a5-9efd9c6557d1,5/6/2020,612.56
c9338181-163b-4c5f-8709-dac81b00bdf7,b767811f-d0fc-4ab3-8288-32be139fe389,9/7/2019,897.02
d4687129-4c45-4e64-aa9b-15b5a6093142,7047419c-d047-46c7-9cd9-6e7fabdc544e,5/10/2020,695.31
c7867505-4661-4d35-afef-1aa8a21df893,adc68405-1e71-4dfa-8ad2-358e62170280,3/22/2020,630.30
657c16cf-8a39-43f1-a779-ea94280eec45,235f3820-0504-4a87-9d6e-9908089ec99e,10/11/2019,985.04
b351ea53-88a5-4b07-ab33-4a8c3263f96f,3f065e1e-7066-4e86-81fb-9c4dc827c546,3/4/2020,952.95
0c8b16af-a0e3-4674-8e60-beed9aeb1710,e85fc1ca-383c-4b5d-9d9f-bda60cb55120,4/7/2020,744.35
b9cf2ef4-8385-41cd-8a35-20e8e1208a38,06e9c541-94bc-4d48-917b-dd2720255f96,1/11/2020,968.84
a68a0718-e1e7-4dc0-8ea5-1c684696fc27,e67c8ea3-ec1a-4af9-a81b-8791c37e547d,10/15/2019,514.54
93a5e617-5001-48ae-a4bd-d450f231fe67,58d077e1-9118-4d43-801b-62589ffc6a9b,3/13/2020,125.65
6e9da428-af48-4622-86ea-12a6122b1e61,fa692369-2a3c-410f-990f-aca1baf26616,10/20/2019,301.00
cc41d81d-7cba-4a6c-be52-4b02f6775712,672eba29-464b-45ea-8215-e1e632d2aed8,8/28/2019,925.62
b5e55a20-fe95-4fda-952f-9d99f3c18df2,59ad655b-4458-4062-b9bc-6964b24f8a48,1/30/2020,468.84
23cb2ef7-49f4-4ddc-b4eb-29601c2cc96a,66da334f-29cb-498b-b18e-c7f3ba4d910c,6/14/2020,161.86
8bdf03fb-53c8-4504-bf02-f40fc855bfd5,aa63e10b-7e1d-4bda-8c30-dcba90ddf2b9,7/18/2019,351.42
d34c73f0-73ef-4319-90d0-6b4906d7c931,e27db230-39b9-4f93-96c7-8d2d3905f55e,1/31/2020,988.89
ef482518-bf0f-4d8c-877f-d05759927f83,be830120-0c31-4784-8a50-6ae8ee3a922c,9/18/2019,535.62
20940fd5-1848-48c5-a49b-401bdbd1b70e,08cea40a-3087-4d78-a34b-83947a3970c0,3/23/2020,669.80
b9a53a4e-ebe3-40f8-b5d8-18670cd38672,69e1c24e-20a4-423b-9c83-75c155cf00d5,12/29/2019,870.22
7c4d4a00-e256-4254-bc1a-a7e519f2fefe,e919af40-d106-4bea-8d52-843e41489b1c,3/17/2020,44.21
d0b2a45a-b671-4a02-a2c9-5939998218f9,53a168f5-d837-43e6-a88c-1712a1839bb3,6/9/2020,76.66
05f8b08b-a977-4e6e-ab7c-c5bd0fbfc765,ee16552e-81ba-4750-8252-6a4f9206f2b0,2/18/2020,159.84
311dfc99-546c-4ec7-8b23-02e78aea62f6,54185e5b-a89e-4d6d-bb8d-df3388da22ab,6/17/2019,327.74
86ef06fe-e14a-440b-b6f7-9f58c00f34ae,2140c5ae-60ae-4dc5-a182-6746264fc0bd,4/9/2020,758.99
4b64272a-b6ae-4cdc-a5ac-9ad6e4d5e4bb,818dfd09-e2b3-4ba4-ae00-a526ce4fd79f,4/5/2020,314.99
3b406b18-2c0b-4a2a-a52d-6ef76cebbeca,c1c49b93-dc76-4f9f-9a0e-f5e4554738a0,8/22/2019,176.32
bfa08956-538a-4fa5-9a5f-43438a07424c,f6c5664c-3952-464a-8ab7-c34a2c992839,2/19/2020,813.82
b0d3ee41-8215-4d67-aba4-45fc08f3a86c,a2897ebd-eec3-4b54-b28c-7725ca8174b6,9/3/2019,486.12
e5d94af0-63d5-4784-aac9-3bb0ca4f7cdc,372e4c25-420a-4ea4-9889-d2df3f01d276,12/19/2019,41.79
776cca81-dc63-48fa-aba6-c90050fa2755,df579639-f846-4891-b58e-6049c50c69c8,12/1/2019,896.56
efea0223-d583-48e3-be20-dce82af0ec23,8602ad3e-39bc-4eb9-9f60-4e4140bc7f47,12/18/2019,139.31
9ffaa384-a813-462d-b718-18ad359f8e83,af919095-bfcf-4e5c-98e2-19f4102c6f23,11/3/2019,273.37
6095bd3d-f702-4608-8e2d-eee13b6f3088,67517559-47f8-495e-9dab-2ae0c300614d,10/31/2019,946.69
ecb2c1fa-3e0e-44ce-b255-759d792a1d5f,505718c4-4766-4355-99dd-5501ae693dac,2/17/2020,853.75
74744589-2a69-40c6-9ff4-50f925581fb8,862f0466-94a7-43c8-9559-0a5a228c6744,8/27/2019,983.71
d1006326-cbec-49ca-88b4-95d659677982,f2ded21f-0c6d-4ad9-a97e-c6a13e7a8645,7/7/2019,43.99
11e3904a-3a7d-4c91-82b7-559d77883753,aca83088-985d-420a-8352-e37e66c76d05,3/8/2020,308.34
a52dfcc4-7dc7-401b-9eaf-6b4d06f6d9d0,c62130f0-775d-4807-ba6d-4f06008442a5,12/3/2019,371.47
2e4ede50-42c6-4949-8b4a-3143c66ef87a,4cd476e9-15f1-4591-b841-f6dad490fad2,6/1/2020,227.50
47e10e79-e67f-4bbc-8cd2-b6bf4fc81495,8e00229d-68ae-4eff-8bb4-fa08b39be218,11/10/2019,857.60
8a751ed0-5f53-4bba-96f7-ea32a13a22ab,9bebacd9-88a7-4d68-aff7-82a1ad5a760a,3/7/2020,526.01
9dd70330-e88e-4476-b94d-d3364c44a403,2140c5ae-60ae-4dc5-a182-6746264fc0bd,8/6/2019,339.57
748decf5-8346-40aa-87e4-cf264041a3fb,7564e7f0-9412-406c-8db4-c701e0145a56,4/17/2020,872.33
a9060b74-0d9d-41fc-9bdf-c38b38257359,2b3ce937-9491-4db2-b0f0-bc2ec00e48bb,9/14/2019,218.15
62eef5e9-206a-4c61-a92b-f5a47b2903a0,dd5c4384-1f1e-4941-999b-765cf8d5f7cf,7/8/2019,150.38
113b2c05-777e-4d5e-9a57-f60a059a3df0,87c04ca3-a722-4cdf-98ec-035a4660c15f,4/5/2020,523.31
67e63e23-7f34-4109-959c-15f2bc2cce53,602df94e-846f-4020-a7e9-df412c05a2b5,5/13/2020,703.73
eb02c07d-6751-4ebd-a593-ea6d4180c9ed,658070e2-f546-447c-9c27-6de3a8d3e2b1,6/25/2019,980.99
3934a4e2-3c88-46ba-bbfb-cfc7477d9d40,f3d5c8be-8c9d-49d0-b49a-160aec0435f6,1/9/2020,531.48
8b805172-c828-44d7-adf5-dd9dfab9f682,3f2d58dd-73c0-439f-8209-e6991e778bb6,6/29/2019,316.10
8df16955-7350-4c66-89b6-1dfcf9d16fdb,73313be2-339a-4938-bfea-b84829289f7e,4/5/2020,998.24
8bb1113b-fada-4abb-ae0b-bffea1b480d9,cbe9e8ce-5edf-4c14-86b6-a1a5bfe6aeac,4/3/2020,439.56
ba1b7b9e-33ef-4d81-97a4-cbd4cc6336a6,839befa9-5927-409d-bcf4-0f746dbc77a9,7/5/2019,343.37
79e091e1-69a4-4f3f-beb4-0defdc84123f,a557c146-83b1-4715-b8cc-6664ba6e03b1,1/7/2020,487.64
4c26eb1c-c8ab-4829-bfb6-51ae92d4943a,672eba29-464b-45ea-8215-e1e632d2aed8,8/5/2019,89.84
3c498d5a-8b6f-41ad-a09d-c863e9ecac83,93854c8a-8059-49b5-b53a-8e107a7ead92,8/16/2019,419.69
b672d2bf-43f2-46dc-b898-053358b87bb0,6d1cd7fc-4b69-4053-8906-d139617a09f9,1/7/2020,96.33
7efb5c2b-29dc-4b91-b5f8-6fc131f76875,c7d03748-5913-466b-a4ae-b9d947cd5e86,6/7/2020,664.33
fe51fddc-a3ea-4989-9f6a-6393531901a7,4b5b19cb-8918-4e0f-b91b-4312a97c604f,8/14/2019,289.54
a2b85d5b-7855-4e57-8389-32daab590cb2,a24ce80a-077d-4e70-a1d8-a6b5d37d73ac,3/17/2020,800.72
e96a4f24-31b9-43cb-9773-48ce6650aadc,80b98ab3-c650-4f9b-a688-25c48fd4129a,6/6/2020,748.01
5a11d2ed-b6f0-44af-b359-e419a05cfbed,661dcef4-d685-40c1-9728-b0b2b758dcb7,11/28/2019,229.73
714d9d1d-d7f1-49c1-b42f-4aac5f74dc0e,1c626561-36f0-4a3d-854d-2139ae4d8f4c,5/31/2020,627.59
f75b7615-5e31-407e-998c-9f7821a9f9c6,e1abc7e5-7130-4140-b8b6-1163591b66f2,6/13/2020,103.60
56b16ad7-5018-4f0b-b45d-ec5f3e5f26e4,e08435a6-52bc-4b28-9c25-b5a97f218264,3/8/2020,750.23
a7bcd83f-2b42-4149-97ba-c3149387a0b2,7ba760cf-7a94-414c-83c7-acc4035b5462,6/4/2020,901.53
0239d79c-9d16-4b72-a254-8409326861f7,df035748-69f5-4e17-9733-3deec5d4f000,4/14/2020,290.04
9313e8e1-e3ec-4fff-a489-4f1a657f9ce2,0a2d2f4a-3d1b-4be1-936b-02a349168461,6/14/2020,359.39
31291998-5dab-4c34-8e27-a573536cf511,e468bd1d-51d4-40a8-9a8c-6bef9d5f1aa7,2/16/2020,241.40
99b53b1c-d0ad-4467-860b-bd191e91507a,b35bc2f0-a12d-4597-8745-407e2bc5f0b3,1/22/2020,62.74
efcba51f-5cc5-4499-a69f-1e137261922a,6d4ae00b-8f3e-49de-a14b-4365bee94870,4/2/2020,381.39
5c59889e-b378-4236-b283-f1491e494e99,c5c33765-5260-4dd7-8655-4575f81518ef,7/3/2019,47.24
871242ef-e782-442a-942f-8ffcf547d6ff,78021b5f-e4a7-44e8-9b31-4efde6ff1299,9/5/2019,88.61
88e21f58-9b3d-453b-bcae-8e8ee7a298d9,678cad13-9b35-4188-be8f-f6f76cb9f93d,11/3/2019,572.02
c9276aeb-8f88-4982-ae1f-b1548d6f24e0,118ed5eb-f240-4e72-bd66-7229ee34c8e6,4/22/2020,150.14
d6661c00-c128-4356-a5a1-4a693d5272bb,603e65c1-b5d2-42e6-b43a-19f30b6caa51,5/28/2020,554.24
2ceb1aec-98fc-48d9-b5be-b8fd10dd2a4c,2c08ff83-60d7-48c7-b3fa-ab30a2718c04,6/13/2020,466.02
3bd105a7-5335-4311-8c6a-c9e911fde55b,d7f7d949-cfa4-457a-ae7b-73ed18973ebd,10/17/2019,628.95
10760a61-122a-4451-b970-6bd5eb1351ec,d871740b-c07d-42dd-972d-d0609462d18f,12/1/2019,506.71
d1bbf99f-83f1-47e5-b3e5-fa2dcbc1dcdb,e497e29a-2443-4fcd-92b5-de48f351d251,10/2/2019,48.10
3c4a2a44-1153-4bac-a88d-c3ad3d119731,942d97fd-615b-4570-8394-dc21a53cfcb2,5/28/2020,387.59
6c6a83a0-0f9e-4e94-b1a7-1ac5cdeaa41e,c24c4d07-4889-4b1e-9d3d-6d772149d82a,8/17/2019,635.18
93776f0a-1483-46eb-bd8c-d525f628997c,e054d6b7-a427-4359-84e2-eb0b3c176027,7/30/2019,310.89
9667e144-8b44-47fb-b316-272da525bb0f,ff00e139-6e2f-4c82-9724-cc0f39f6965c,12/18/2019,751.98
1febc2a4-ac8f-468b-9297-9da5fd52a164,67dc55aa-ba00-4c96-b692-7e1efa630250,6/5/2020,505.72
b73a4540-03d0-4bcc-996f-95bd12880864,e27db230-39b9-4f93-96c7-8d2d3905f55e,9/1/2019,182.38
64049b45-895d-4cf1-b750-50ab7b2d47eb,fb88e3da-cfea-4c41-9841-c96032c0077a,6/8/2020,661.31
3049c528-4a62-4ee8-b95c-13a85d7d0716,708fcc04-e387-47e3-b85d-99ccd4e18320,1/13/2020,409.07
e90d953e-0fb5-4466-81de-58e016889b28,25d1fab3-881f-4330-86bc-fe16be23c61f,10/5/2019,920.56
d193621b-0041-40c4-a4f2-9320fe63fa96,e36f00e2-046a-4489-838a-7fd71cdd1a89,4/11/2020,999.04
7538b520-bf66-4626-b602-17d2ef5080aa,7063458b-cf44-4902-9bf9-30e7109baed0,5/13/2020,555.11
f6ac2733-d8fe-4242-b7c7-b12fc583d1b7,26f59741-4792-4d61-b7b3-6a697c25ec0b,9/25/2019,380.03
7ee4ca91-be37-4b68-8854-7bb9da5c589d,07001850-0a57-4824-8ef8-a410d9b7000b,10/18/2019,270.23
1cfa618b-d78a-49d8-a771-c6b20e48ef78,2973f4ff-7a8e-49cc-b0f6-34aa5272c182,8/2/2019,800.07
ac214c29-e5bb-4011-8e37-491024bcae43,e2a11596-48ba-4fd6-a135-658a4deff7af,12/29/2019,877.05
aeca1c92-1f89-4961-9d7e-10b75b68c026,06f9836c-9385-4d43-8a83-d4145865fd3b,1/13/2020,74.23
84adc96b-447c-4160-93e9-db759deb6fb7,a091f3df-ba1f-459e-bcc2-ed278e263eaa,8/22/2019,942.88
7278c6ab-b786-46a2-aab2-c60107c06222,fd658f8f-02fb-4746-8b86-03b9fcec66f8,7/31/2019,602.17
1fb41024-2253-43d1-8bf4-c69b4415f648,213987e9-6a9b-473f-800f-df225ceefc9e,11/26/2019,589.32
83e1bb4b-c59d-426e-9069-683a230a2ab9,42e70627-a387-4ea5-b3da-9ec2afc9e759,6/7/2020,112.66
666f243d-a8e6-429f-a709-4ebd2127ee04,6469b586-c682-4ec4-95ef-22805fc2d4cc,11/11/2019,10.45
a457ad46-84a6-412f-a6c4-d543d29e3eb0,03e53fbd-869f-48fc-8636-d8b2805aa576,12/23/2019,484.54
81248db5-3ed3-4bcb-861a-91ab047b99ab,efdcd070-045b-4be1-bcc4-9f59bb4c77ea,10/5/2019,843.21
e3304ea1-016c-41b0-8cc7-d6ac7b0ecdf3,8da20251-2f11-4c43-8842-121221b5df04,2/26/2020,664.22
658bfa2d-6e19-4105-ba5d-84478ab7c370,dee42b50-3f93-4ee1-ab36-39771d89f722,7/20/2019,120.36
02f67369-924b-44da-a466-8d360f54b47b,a6166116-a54b-4e31-802f-ba5a992e69ad,12/3/2019,639.01
cb0ad109-c921-4d79-9549-b341482a3093,fd092185-0657-487e-b6ad-f1985f32642d,10/30/2019,529.13
366577e5-3e1d-438e-8376-d3e61fc42494,2a585d96-8355-4c73-a2b6-afec4806c383,5/5/2020,780.49
abd21aa1-9ac2-4e18-9613-62370f154d8a,f4d17614-92e5-4c2e-9632-889b9ef854db,6/8/2020,569.70
5671bc94-2012-4823-9552-7bdc4dbdbe16,df775610-87d4-435f-a8e7-4b515ddfefae,8/3/2019,102.61
98e38fe7-a94d-4626-bb31-485484f17320,086eaaa3-8536-4941-8ea3-be030f3dbbec,9/10/2019,448.72
45f213a5-65c3-4693-9c41-a7df2e6489cf,c80cf826-f445-4d6c-9d1d-aff54d1d3bd7,12/14/2019,440.07
dc8fc026-527e-4330-b606-983bf5fb0f04,339d4477-d48c-4419-a72f-833f7dc0a4fb,2/8/2020,855.65
ab6a11c2-2777-41d7-a9e6-e91f6ceca0cf,cc3af5a4-09b5-4d75-b4f6-27dee01af610,10/27/2019,660.36
f25b243c-578b-459c-ad11-fc174414bb00,2d44d6e1-ddd8-453f-8e33-b5ba5c092ade,5/6/2020,131.07
7fb545df-4d85-435f-9f12-97c1c6424b1f,b3d8fe98-7131-4bf0-90ee-4d17d850f8a0,9/22/2019,259.20
fd2277fd-3034-47d6-8939-529c2d10cbb5,2d6da6d1-d14e-4a04-ae63-03a6e519f8ea,5/27/2020,109.22
f087bc0a-2a7d-4e81-9605-18b32a220349,3f430626-b59f-43d8-9c0b-a599b012bc3a,6/3/2020,565.41
7402c56c-0e5e-4b45-902e-6bcce52a6349,b3d8fe98-7131-4bf0-90ee-4d17d850f8a0,8/20/2019,148.42
1de320be-b495-4a5c-8f9d-1af7db5bbde2,bbf4d5ba-35e9-4a59-acdb-e51d18181f53,3/10/2020,462.66
274e51f7-700c-45ac-845c-77c052ecf101,6d9fa564-5cf1-4523-b94a-ebdb306dcc3c,11/4/2019,697.95
a8f4c3df-e635-4eeb-bb52-a5e96207d788,1ba75bf9-8cfb-45fc-bdbb-bed8456ca665,12/24/2019,846.23
4c07e808-4598-4737-a33f-905d0910cf8b,e29a8e55-c911-4738-893b-c28e18a87873,5/23/2020,974.24
c3f49884-ed97-4bec-8364-ed779804c189,677e3c17-d951-434d-b45b-773e75ff42db,10/1/2019,792.54
42ccacbc-7b57-46aa-8479-490065c6ed40,00e2a060-85ee-4d59-89fb-aeb0bbdef287,8/12/2019,276.03
0d7ed60b-39a0-4ef3-ad9d-53e10bb6a7d3,ecbedbf5-f64a-488b-8bc3-045aec6fe25f,3/17/2020,980.38
6b9f51ee-c44f-4e0a-86d7-293f9b409d80,3fbcc1a0-8e6b-4cc2-9994-5abe2528e3a5,6/12/2020,696.24
b1f4716c-b363-4644-8464-7cc12cc67249,818848fb-73d6-4491-89fc-77fe2bba6a3b,12/8/2019,540.91
6ba5a709-fa89-4ba5-91a6-8525ad3995a6,da0a129f-74c8-4222-8bcb-42b99d156c79,6/14/2020,893.12
80ff7847-c7f7-4119-a433-15a088e4baff,cd469a77-e9ea-4100-94dd-cfd6dd959a05,9/6/2019,475.72
d4313cc2-ef67-43e7-8425-7d2f5fee2fd6,7bb17ef0-323b-4b46-9ad2-403e7179f4bc,1/19/2020,128.79
35c9cd0b-c2de-421a-ac83-a1935e49119e,00eb3f67-d401-4541-b9f6-b936b383c5bb,1/17/2020,575.39
60385839-e731-4ea8-8e9f-c59400ae033d,7ab91add-689a-4674-8324-7030cc30da56,11/8/2019,885.55
a8233d0e-2286-41e0-801d-519943e2c278,0b75fa26-81d3-45c9-9cf6-f69228d53bee,7/26/2019,311.02
678d0988-accc-4f19-b547-6d1cd3bee157,3bb1ed03-b9e4-462f-902d-6343a2be7984,11/1/2019,219.68
fba3ac06-bde4-46a3-9b1b-530819561ffc,b7573ae6-621c-4d0b-a566-7cc88230994f,5/31/2020,822.06
a7a4642b-cc23-4efd-80ea-7d3a4c6456dc,6e22fedf-7a96-44c6-a37a-67919066d691,2/29/2020,631.11
a7a74096-1f6a-4326-9278-f81b77a1a271,43ce79cb-eff7-4111-9f81-8fac3866e19d,8/14/2019,855.59
5d827244-176d-4876-bb5e-eff269d15e05,07c21ebb-7d4c-438b-bc54-5d9471df3039,9/9/2019,832.91
7c8e74a9-6060-4bc4-9a65-abbcabed0adc,d1477762-0e2f-40a4-adaf-0dc1f2264f69,7/10/2019,162.70
63d5ba22-21af-4db8-965f-544e6a65582e,e4879dbb-38ad-4dde-a6ee-4e16d9ba3faa,12/7/2019,308.86
c23a67c4-7eaf-4bd2-855e-c350fe2dc7a4,9cd615f0-de86-40e8-84b4-3e6b84efbf1f,6/9/2020,289.70
1efafad6-5ed2-42e0-94a4-fb483ac79b56,43ce79cb-eff7-4111-9f81-8fac3866e19d,9/2/2019,292.14
b88a7ec3-1043-42b1-baf1-dfffe35abe0b,8e264da4-03ee-48a4-aca0-d68b47a6f292,1/3/2020,832.63
5f364a4a-cacc-43df-ac7e-0c6c991ae8c7,30bfb23a-eb85-4e71-9be4-ab696b75b681,10/8/2019,356.04
67499a21-4b17-4bde-8ae9-1aba442abe2f,4577beb3-d1c2-4728-9c9d-95830b15825e,5/20/2020,881.40
146f5c7b-f876-49c0-bcf5-1e0537d654ab,bc6be985-a8c9-4136-868a-8b2e7103544a,10/16/2019,332.95
9c07e841-64c4-437d-87e8-82ce9a384143,903b40d8-dee2-424b-86be-01ab73c36ca6,1/13/2020,123.84
9459f7dd-679a-4c36-bf85-ed1636fd752d,f148566c-01a6-4c41-aa69-97b08de2422b,11/7/2019,394.99
e9af52c4-1eb2-43b4-a3f8-fae161906223,66557517-1f93-4ffe-b787-63fab30f0e1d,8/6/2019,609.74
772a25c3-b292-4e46-a19e-1b71ab3dce4c,70e699a9-60c0-4930-89d6-20a0ec00c600,8/12/2019,920.41
06fe49bf-c253-4ed3-80a1-04cd0bcb4b1a,d81d5d55-fb37-4c3c-95b8-576bd03d16bc,11/17/2019,506.49
0f9f1c5d-7cf4-47cd-8a10-71b903a18f69,c44981f3-6199-4119-8e42-4ec00d24380a,3/16/2020,452.02
ea5683e9-214e-4b3d-993b-53a059817e30,c5b4b822-2b59-435f-a697-6f1d4bbb0684,4/27/2020,297.95
05fdcc06-7c4f-4832-80a7-67025f43480b,96b9bdd1-83a5-4fe2-bb97-f43a2a88afda,9/29/2019,830.35
bcdf994b-4ba4-4598-b740-2d460adfe5fd,aa63e10b-7e1d-4bda-8c30-dcba90ddf2b9,2/5/2020,414.04
6bc5fd89-db92-4ba4-a2ec-563ab18b9ca8,4dff10cb-b168-421a-b315-b251d6691e62,12/26/2019,612.72
ffed6a0e-d310-442b-b591-a42c5e7026a3,8fb2e8a3-c8c6-4ea3-a888-8ebcefb22b92,1/12/2020,680.30
ce88f50e-89da-402b-82a5-36ee33b68ee2,b3d8fe98-7131-4bf0-90ee-4d17d850f8a0,3/22/2020,771.76
82d2df7d-4afe-48f0-8a78-8d34e850e37c,4dff10cb-b168-421a-b315-b251d6691e62,11/30/2019,87.04
cd444edf-bef6-49d4-b126-d780a6b5435a,446636c4-2012-4580-9ab2-0f03fe33bdc1,5/23/2020,805.28
be0250da-60a7-481e-a285-9b806c76aecf,3cc5331e-e8ca-42ed-b53f-3185c3f4eff3,7/1/2019,944.76
0a105d26-a094-47cc-876d-03a13601ee5d,3073ba11-eb77-4bf2-8932-9f89b50960c1,12/19/2019,291.04
fad73555-a316-494f-9a25-cc76dc72915e,8493b273-7566-460c-a15a-36e5d24b2b5b,5/28/2020,886.78
25cc4bd1-d358-4b7d-9483-5266a8d4279d,78f3be42-176a-4928-94d0-fe629ac7e8e6,7/24/2019,849.71
f8e4a2e0-017d-4b8d-8893-80925db840b7,7af27387-ed05-46c0-9b24-1b0920ff8800,9/17/2019,348.54
753b9925-6085-43ee-b388-7983efd35d75,f2ec381e-1e20-4ba6-b95a-cef79712b14e,2/21/2020,213.93
0336344e-df8d-438e-814f-ad4b4b85b724,fbd50006-be59-4ae1-9152-6ed07763d0e2,12/1/2019,76.23
dd13107a-ba25-4e69-9f68-aa49546d31f3,c99e1de3-23f9-4ae5-9e15-88b3752d1849,6/20/2019,777.60
97c2e0fc-a6d6-4d1a-b76e-863c057cfb48,54397288-c46f-4ef0-a5e0-7e304f1f90be,5/6/2020,428.04
02cd55f1-165d-4a3e-8f0d-76139575e95c,b575cff0-9d6d-442a-a925-d3b4a6edbf32,4/17/2020,218.99
96120826-e199-497c-a09f-8bb40b2535eb,7ccbfa99-b3f5-4342-81ad-daa07693eee2,5/14/2020,64.27
8f9a0bc0-8b4a-4175-bea9-fb792f2764d5,28eb79e7-bf35-4c5d-a81b-9203443bb82b,2/26/2020,702.43
8a7b1e24-14ce-442b-b09c-0340b368f75f,c99e1de3-23f9-4ae5-9e15-88b3752d1849,1/27/2020,679.15
73cd7e4b-8c67-4db2-93a8-b8d2aa376619,b00a003e-683b-4d8a-8c78-01ab35575416,8/8/2019,628.15
cbb39b7b-9f98-4836-b2e3-a639f97e67f5,64fe4d35-c22b-4369-b4ce-25dc3c48f9e2,11/19/2019,842.08
4a8ff33e-4f07-479f-8af0-089fbe2f7277,af66d52d-9c00-4f60-9c5d-7e5a2c506faa,11/5/2019,194.47
1360ab15-5d3e-4f8e-ad38-146ec5cda463,a443215f-3d40-448d-9bf1-f46d67b46f4b,12/8/2019,217.89
79bdbed0-7e55-49c5-9151-a544ef89ae5f,754ff455-fef5-4ec3-9072-b0d354cfdf0f,12/8/2019,772.54
e92f6053-8874-4762-8e43-80836dcb4932,9566ed19-c181-4032-a934-7b469193887f,7/2/2019,267.14
4048bc37-a73a-443e-80e7-f0f75ea6eccc,3bd60252-bc9d-4ad1-b552-5ac2e3ceafba,6/17/2019,984.50
46d9004b-8671-4634-ad47-39a79fa989fc,db23da38-bf7a-434d-986b-c5d23cf75fde,9/29/2019,892.81
a7a7505a-bbdc-4416-866d-bfede9caecb7,2e35585b-7da9-47da-b915-02a7ea0620b7,12/5/2019,804.67
2b0723a9-6320-49c7-964a-b12e1de6d96c,595d44b1-67d5-4511-b8d3-800a50640ecd,4/12/2020,865.28
ad34a8a1-b617-490e-8c0c-551c0da7c493,f596169f-fdfd-4f5f-acfa-f7fce3df375e,8/21/2019,755.91
0ec234db-95a9-42ab-abe6-2b343613dab1,fcbfe635-532f-4732-8df5-692db53758be,7/22/2019,423.83
0935b4cf-5323-4bb1-8776-877baff30c21,7182b424-20bf-44ba-9a33-d0ec1bf12061,7/24/2019,347.41
cfae8f57-762e-4d1e-bff2-ce2a2d805f03,a01a0233-7af1-4cab-ba56-1db4ef3a2f28,5/10/2020,622.35
9172e713-b3df-41db-94eb-d6a3a4d6194e,3ad81c0a-2c01-4cc2-ada4-3beafedaa686,2/2/2020,974.85
3230ddda-653f-4c0f-8f4a-0dbd2542b7ce,3eb36a86-c812-4009-8af9-9c9d3e1b03e4,10/2/2019,58.77
a6909f66-c155-407c-bd6d-4783cd3ca613,96b9bdd1-83a5-4fe2-bb97-f43a2a88afda,4/17/2020,203.60
5ac3d6b8-4c5b-4119-a6b5-191f7771f44d,10d89c45-e77b-4414-97d6-d6276431a372,8/7/2019,257.34
ebd450b3-75e1-4722-ae00-2feb1eb1616d,73e164d7-7251-4226-97ac-9fa3123cb686,8/21/2019,880.22
f8fcabbd-7d35-4782-9bcd-96ad3e82b11a,abf08aee-4c40-4fca-84dd-c7a9c7889e96,12/15/2019,601.04
362805b9-68e3-47f5-a28d-18cd201f0c1d,0957f91f-2ec0-4e58-9a75-ef0a40fa52be,7/12/2019,51.07
1bbc5e9d-49b3-4615-944b-fec4355cec26,4d7d344b-a101-47ed-a969-7cfbeb48b16b,7/16/2019,455.31
f6af61c5-d9f6-490d-9ae4-73d985763289,8fa38f33-48cf-415e-a0db-56a3e61ca8ee,4/13/2020,506.35
997a9ca0-6e18-4b83-985d-6cf6a1d06a09,2c763395-e2b0-4721-ba41-96b617384218,3/30/2020,153.75
421cb62c-f19a-4f9e-ab2d-af8f573f2127,7182b424-20bf-44ba-9a33-d0ec1bf12061,11/8/2019,672.05
434dda2e-f375-416a-81a4-9483d815c0a1,828d4068-1bbc-4ea3-b018-28137576e977,1/28/2020,944.42
327d3215-043e-462a-b0cd-e0c9dfddae33,5933f09e-1b7f-4840-af53-11ff1372a927,1/20/2020,894.04
8b70bf35-8408-4512-9075-128a3fbe356f,944173aa-8960-435f-a409-531206410b9a,4/26/2020,14.46
1fd722fc-2f29-4cdf-af81-a25c4b4d23bc,8493b273-7566-460c-a15a-36e5d24b2b5b,8/17/2019,143.70
02306427-60ce-4219-ae78-e5652e398eba,59b7dfb1-4cf8-4b2c-80d5-dcdce71fef67,2/7/2020,225.15
339b0cdc-4f92-410d-a01c-cfaf2791cc43,34b32b29-f608-4f5a-bc4f-4a95e73872c3,8/22/2019,729.13
b5412314-fc8c-4a1b-8bd3-47ae9f2ff4a4,4c01a544-7aab-431e-8f05-1e6f4ae33cde,12/15/2019,874.02
b35dec73-eaec-4dad-8aeb-e0a4870cee18,cc3af5a4-09b5-4d75-b4f6-27dee01af610,12/12/2019,676.92
d80a2783-c76c-48ba-a00f-927623995366,754ff455-fef5-4ec3-9072-b0d354cfdf0f,3/26/2020,631.06
16b459fd-a2be-4c84-9191-3183b4892a19,603e65c1-b5d2-42e6-b43a-19f30b6caa51,4/3/2020,653.61
27e38eb7-4a4c-44d7-aa34-ae012fd873d0,a4f6d634-577e-40ac-b5fb-988f5c8c7939,1/8/2020,205.99
239c8a87-3257-4069-9e93-b09cbb5f7848,eaffb1c1-ff84-414b-bbcc-0abdb39c7b79,8/11/2019,560.14
56b32c84-cf08-4735-b1d0-76e78b4e1828,3fbcc1a0-8e6b-4cc2-9994-5abe2528e3a5,2/27/2020,109.48
628b774e-7657-4f62-b647-dac0170a3e89,3073ba11-eb77-4bf2-8932-9f89b50960c1,10/2/2019,928.65
e495de11-09d4-430e-8d78-71df2ad669a4,502d60cb-7cca-4d4c-93f2-68c83153a5fd,3/14/2020,206.10
2565cf8e-4f44-4248-a960-cee316891fa5,3f3fb23b-39b5-46c9-b79c-84fcdce6026b,9/4/2019,368.44
e2336325-baf4-4b59-90a1-09460495aab5,05acf02e-2c56-4659-807f-e815e70bb389,8/27/2019,89.47
8e3f3fe1-d518-4906-bbe4-fc6f1cb494b4,1fdccd75-dc15-4b82-a1e0-a6f72f971c80,10/24/2019,637.30
3b752048-842b-44b3-a998-cdd384029bf4,7047419c-d047-46c7-9cd9-6e7fabdc544e,3/3/2020,692.18
9fe65493-3fde-473d-80bc-5635d04cb57f,e88a338d-1001-491a-9310-879d1b5faa1b,6/12/2020,823.39
8e74aad1-47e8-47b3-9cb0-67d11ffff8fa,b72d3e4f-40fd-45d8-9aaf-f90b3a03a5fe,12/9/2019,690.95
e6116672-10fc-459f-b71d-78a794e07528,086eaaa3-8536-4941-8ea3-be030f3dbbec,11/29/2019,865.89
ebe77894-df2f-440f-a167-9d647299573d,b1c482f2-90cc-45b3-97e0-a3dd07bd39b6,8/6/2019,370.55
d9701c95-49d2-4148-941c-f60f8b7829ec,f3d5c8be-8c9d-49d0-b49a-160aec0435f6,1/26/2020,102.57
32b65a05-bf5f-4308-8098-e984677fcbe2,d81bb109-72e3-4b5d-94a5-02acc8059233,1/15/2020,51.54
05d3a03b-6514-4eeb-9d7c-df68ce38cf4d,388c1520-15a1-4d6d-8ffd-a332b069a26b,3/14/2020,375.09
372f639b-45bb-416f-8233-19aab725660a,25d1fab3-881f-4330-86bc-fe16be23c61f,6/9/2020,681.45
e64e6d73-f137-4f5a-95e4-76eb9b094b65,c5504a53-2a73-4231-8360-17b763aa37c6,11/4/2019,611.33
dd10a2c5-b0e3-41a7-8e0f-8be0b7b7257a,d0b1f27c-c2e0-4508-8939-dfa59d54b1e7,9/17/2019,112.88
67770976-34bc-4600-883e-f4809078c0d9,cc859743-e7d1-44ee-9a10-1a1faf265b43,5/3/2020,773.10
7dc3ba6b-6d1e-4c19-bc66-7a7d170b9e34,3619d6e7-39a3-40c2-8687-dd0f0b227ede,1/16/2020,970.04
e7efec7e-0901-4af8-8860-9908884b11b0,e29a8e55-c911-4738-893b-c28e18a87873,4/12/2020,904.57
4be9c879-baec-4b32-af00-7e82102c7b47,4749df30-c4c5-47d6-b7de-a6599b2f4633,9/10/2019,410.57
4005c36b-86b6-4c79-a6d7-d2a3d424621a,dd14d3e8-82c1-46aa-91c3-f1f7d7203211,7/13/2019,256.47
84c34054-c111-4f10-b012-993d7f2b75f1,cbc173c9-c3b5-4bb7-961c-512f40056eeb,12/13/2019,318.36
4f58a10b-342f-444c-8794-9208ce24844a,fa60af9f-6d13-4970-a0af-7a38801fcbc8,12/20/2019,173.35
e7de185e-fa80-43e9-a289-0c64d6cc5bf4,e2644b21-2f40-49e8-b6e0-1270f45dea85,11/29/2019,910.31
2a4a8042-6f7c-4426-840f-4e390919b79a,3ad81c0a-2c01-4cc2-ada4-3beafedaa686,4/22/2020,11.28
65bbf5fe-e61d-4cdc-bd2a-fd7ed324a613,26f59741-4792-4d61-b7b3-6a697c25ec0b,3/7/2020,441.45
3ef29dde-96d4-4073-918a-0dbed6188ff3,e2aac537-eaf2-49ed-b668-fca737855788,5/30/2020,821.22
59e6da2e-ec35-437d-8078-244ae55da41d,c80cf826-f445-4d6c-9d1d-aff54d1d3bd7,7/30/2019,734.45
487c1c9b-f0d4-4309-a912-09af0f3ba993,a9c64380-9b28-4f9c-a3f5-adfad12aecec,12/3/2019,986.75
3867bff4-802e-4796-aa70-ae448322cc33,a86557bd-874e-4435-ac28-931c6675d172,1/11/2020,135.57
b50eba94-7d79-4f02-a904-f7a9a2cc1c68,93854c8a-8059-49b5-b53a-8e107a7ead92,5/1/2020,962.29
d6ab6424-014b-4584-8fee-28da44cbd05b,28eb79e7-bf35-4c5d-a81b-9203443bb82b,1/18/2020,156.59
b0b86709-703e-43e7-8485-b08dd15ed156,7047419c-d047-46c7-9cd9-6e7fabdc544e,12/26/2019,257.41
a83627ff-6730-4457-8bea-8440c7325a56,7fad6caa-0b46-46b5-b3c4-6d7eed75bbe9,11/28/2019,313.93
d6881c72-0036-489f-9e66-12deb21713e0,708fcc04-e387-47e3-b85d-99ccd4e18320,3/23/2020,445.84
04050a70-1770-4edd-b42f-cbb8c3ecef33,15720d1a-e9a9-4e0c-9e71-042d2d204043,2/25/2020,320.44
b9a7cdd9-0ba3-48bd-81c6-05a585a22c77,9466187e-3818-4193-a1ad-0f7a2a1af1e8,2/12/2020,961.88
f6fecee2-1e2a-4e72-983d-80c3ef2a38c0,53a168f5-d837-43e6-a88c-1712a1839bb3,9/21/2019,876.42
bce17d5f-ea42-46ac-ac1a-7592ba5809b3,15fdf86c-f8c8-4c34-81cd-a92db291ebb0,6/6/2020,653.68
223d276b-d76f-4270-ac9b-bfab35208ce8,7557e92d-6540-4e76-a04d-f19d1c09d570,9/11/2019,762.66
0c766b0a-b838-4526-8e01-f61035a79d30,1f3cd2f0-22cf-404f-9be8-891c61fa25d2,8/4/2019,776.48
4e2a326d-ed3e-46dc-aef4-6b4323d46d14,3f1d8832-f8a9-4da5-86bc-4e92e6570936,2/15/2020,702.36
201f714e-676a-4d0b-9460-5f9de9e9d972,90365261-1911-4447-886e-4fb41670f422,2/23/2020,179.78
2a58d88a-c34d-4bbc-952e-d9f59a4ab717,754ff455-fef5-4ec3-9072-b0d354cfdf0f,9/26/2019,10.47
71f16124-794d-475a-8af1-427b998c3686,7182b424-20bf-44ba-9a33-d0ec1bf12061,10/3/2019,429.87
618ff20b-f040-4cf3-a162-9203ecb89dd3,f396b505-66b3-4de4-8193-8ac89b611a2b,12/15/2019,538.98
754eca6a-2bbb-436a-a902-880a554efb38,c476160d-d7cf-46bd-82e6-07f2e2c8ec27,1/28/2020,100.27
24a986e5-eef1-4b7a-a095-b85466d5a09c,61167e60-57e6-43b8-a900-ab6a48d0b72c,11/24/2019,632.25
a5751172-6e32-4ffa-9f79-ceee2ce8f296,5d9992cc-f9d3-460c-aa7b-058092ec2ef2,10/5/2019,907.59
1b74f536-b149-4315-9c81-1dc9f626a383,1749a93e-fb39-4629-8c00-7517490d747f,7/15/2019,919.55
f9e1c051-0d32-4e51-93c9-949566eecb7c,29b80eab-5de8-4fd6-a922-e14611bceb86,2/26/2020,607.91
768220d1-9a14-4975-8d96-938b4ceefde0,52e9aaee-fcbb-4005-b843-abf83a01d539,1/9/2020,608.49
f01ccbf5-56b7-44fe-a30a-06f5a1bb6f23,6ce789ff-5d10-42b8-a37b-39ddb20dc06d,11/23/2019,134.63
65d378bb-d850-46e4-9601-983f1894475c,c9808da9-6f1c-4b2e-89e5-40f1f57a80d1,4/26/2020,234.95
bf92f1f4-9404-419c-89cd-b0c890955862,d21cb9dd-c1f4-4a63-9f57-f1ce9c5d8e2e,6/12/2020,90.68
63da8d0f-7018-4808-bb0f-deeb8bf78352,4f8ba6d9-f1a7-40f4-8b0b-7e6fff89a01d,9/10/2019,159.52
ddd99cc8-f470-4b11-beab-ca1900f6dc6e,e3d951b0-8464-442a-846d-dc1920c21403,9/29/2019,409.01
53e61b37-a489-400e-9427-1833822f878c,660771b7-54c0-4582-84cd-252cb18304c1,2/17/2020,265.50
d22411f0-a86d-4884-bdca-d11de4b8ba8d,d8985fb8-8733-47b2-a83d-d4a72d042a47,9/13/2019,755.23
36c84a6c-5135-40de-9e6f-0b5c6936955a,b206b42c-ba37-47d3-9259-66fc07f16475,7/18/2019,641.76
605baaae-d390-4bdd-86ed-2c76f10fc30f,5f801277-f20d-40b8-aaf2-c1e907875ed2,11/29/2019,374.15
01b05518-8b7a-409e-84b5-a3ac96d8d51a,38e36800-f16c-4096-82a3-545d1de15a60,6/27/2019,646.23
1d0b152f-0969-4d9d-abce-32d822ed0f56,da1c2329-3266-4b69-8c86-b5a441e35716,2/25/2020,749.91
3d2a0216-a88e-45fa-957b-46d32a7b655d,a24ce80a-077d-4e70-a1d8-a6b5d37d73ac,3/13/2020,680.17
a5c55b6a-dcde-43eb-b50a-0d79a385e905,c6333639-ca7c-47b4-b344-5aa065a75add,11/4/2019,114.32
d4b54a15-8673-4584-bebf-1731ab1d478b,33bb843e-6fa3-4386-9904-ae7348acd77b,5/7/2020,227.56
f8dd7e07-927b-455d-a37f-45e9fdbcc878,1525ce38-c91b-4cd9-960e-a9ab70a660e4,12/31/2019,985.72
1d4d58b4-5653-4cf1-9f81-6db7fd7e85a5,b0a2b696-6c7a-4967-9ca1-8f38c572c3e0,9/14/2019,521.52
96b2eddd-6389-4f08-9784-f08424832068,8f69533e-8a50-48d7-8721-4baa32645bc1,12/11/2019,406.73
9bc28fd9-2416-4376-92b0-af0cbca2a0d8,f148566c-01a6-4c41-aa69-97b08de2422b,2/19/2020,552.96
e58ccb37-ba37-4e02-bedf-d0d08bef7e49,19848b50-72ba-4386-8d29-0712c95fb452,10/8/2019,105.50
dd6c174c-e5b7-4b08-b8bf-f978a90dda5f,0afacf3b-a4e2-4018-865b-79dc07f8861a,6/13/2020,6.02
1eea6ee5-87d2-4ead-bd04-5308acd14ca2,f0e74a57-afc5-4de7-8aad-2ff9dd582866,9/5/2019,584.71
e17514a1-4fa2-4c66-b2a8-eafd1d1bc492,ccf6d341-402f-443f-ba9c-9d45dbfa123b,6/1/2020,705.54
62c5ca67-553f-4329-9b04-75c402143179,ddfa293b-614d-4cf9-a098-bc6e00c3fa87,1/4/2020,497.34
e81eb169-5c60-4df0-9baf-6b16128ae451,ca14a99b-2d64-4246-a8da-5727577a7503,8/5/2019,131.34
b1ed8a02-0e63-490f-beac-eb4b07f09062,e2aac537-eaf2-49ed-b668-fca737855788,12/21/2019,691.69
32683b97-f436-425e-bf02-cb9f2d0733b8,a21c6564-7cc0-4472-aafc-453758ab44ec,12/18/2019,534.52
7767a3c6-49de-4358-94ac-5b193101726f,0011d092-2aea-4419-b655-76dde00a3d42,9/12/2019,318.90
436a9dac-55e5-4e24-b5ee-74772f7a777f,c52d59c4-a878-4f3e-9666-085655a7ff17,10/20/2019,517.55
0dd746ce-b1c2-4d34-b291-ea237bd15df4,0dcf738b-7348-43ae-9f80-96170d3f9db4,5/31/2020,799.23
227537bd-9747-4a4e-80dd-793948b83fc3,2975fedc-e527-4e18-96a1-292a8e40de65,6/4/2020,782.79
9c905282-8466-4943-91b4-2a2b47a673fb,fd9a560a-6e3f-4321-b8a4-c185ad96216a,4/22/2020,358.51
ca53d650-f73a-4c94-916d-bc0c059c2a52,79f48382-99bd-4815-a5e1-67207b2d95e6,10/11/2019,297.99
0c015e10-179f-487c-806a-0897f5552904,f2861192-49c3-41c5-a334-672a06a19565,4/7/2020,308.10
4ac7d78b-1b85-4fbe-8481-feadca010cd2,5933f09e-1b7f-4840-af53-11ff1372a927,2/24/2020,387.77
5f128538-979b-4973-a723-b118f0e5ae8d,ae06e72a-a8ef-4a07-816b-5f1695fddb76,2/26/2020,577.38
cf885c7b-a7d2-4e94-a28c-b7f26e682e5c,e25cd063-cd5f-4416-9324-56a080bdc876,1/27/2020,381.34
f86bf6cb-e497-42f2-86f1-2ca7908f791d,0bfd0ae3-ba2d-4012-a4ab-c01881931ac8,11/7/2019,547.12
825a9e27-0d8c-4ec8-b86b-669c466aad6e,29132135-63b2-4102-931c-e6b82b17fbcc,11/14/2019,9.93
11e541b9-772b-4f37-b823-ab961f2bfabd,4cb145a4-4582-40fe-a311-c59cd9c8dee9,11/10/2019,410.11
b3ac3ff6-71e9-464f-afad-50861d899110,80b98ab3-c650-4f9b-a688-25c48fd4129a,6/2/2020,620.35
16989d0a-0c23-4f8b-a172-abb3624aa998,8c30ae02-0303-4976-bf9e-835d46b67e72,6/24/2019,428.92
b4f28696-e29b-41ca-bc06-d92cfd787d99,3eb36a86-c812-4009-8af9-9c9d3e1b03e4,3/20/2020,708.48
5174582a-ba3c-4c7f-99c3-cd9f216aec21,f22c69f3-17f0-465a-b577-a3dfa979f7e0,2/13/2020,824.30
8b5278c6-8d40-44b8-bb92-023df1dc7257,bd82a15e-f095-4a6f-a76f-89bfcc460440,4/30/2020,280.94
e7123809-68c1-4082-ac9f-c64229b06b1f,0dbeb56e-642e-429e-9f41-b4461d1091a8,8/26/2019,376.38
e35ac97f-9647-42b8-a861-546f2ff0846f,71ce1226-0afc-44e5-98fa-f82e1ffc3333,3/3/2020,173.08
d638e781-d677-4802-852a-79846ac443e4,8252ea4e-9773-4e70-849a-6b51a083af12,10/5/2019,843.08
dba27834-ad86-4a0d-846d-516bfabcd324,233be61d-8999-4d3a-91d2-f8b249461ae5,4/14/2020,277.47
f468e78f-8924-4bf8-8e76-4bbd85cc426e,d09fd3a9-7191-4ce9-99da-4f8ee8ddcbc0,4/28/2020,913.10
59f23447-cd6e-4957-b142-93eb01309a4a,aa63e10b-7e1d-4bda-8c30-dcba90ddf2b9,10/2/2019,300.93
55b20427-672c-4351-98e6-81fc0f919748,0f42d3a5-5fe3-431f-bde7-e0d8bad6c2a2,12/29/2019,507.04
bb703ff7-5f1d-4724-a87e-c88a695fb695,f4d17614-92e5-4c2e-9632-889b9ef854db,11/4/2019,359.05
25e17c0c-883d-4a66-a16a-409a8081e3a5,532d4ef0-d1a1-4df7-85ce-1bf7ed3b9d19,11/23/2019,74.23
25ab18e7-aefa-425b-bc4f-e02364952007,a98c0c2f-6b4f-4931-93e2-74672c85724b,3/18/2020,763.34
f3b05c67-e1dc-4c39-9307-5cd120554a0d,903b40d8-dee2-424b-86be-01ab73c36ca6,7/21/2019,569.30
cc4c6874-ff37-4f33-8ccc-376d3be4b9f5,e69b096a-cbc5-4e68-82d1-b4545e26b6d0,3/17/2020,110.16
749cfb6e-cf73-4a18-8a50-0c41d929d77b,8b4d4a97-3dbb-413f-8af6-407804057107,9/18/2019,378.45
5fac4af6-3a5a-4ac0-bd43-d6a1e6f65a5d,a557c146-83b1-4715-b8cc-6664ba6e03b1,12/10/2019,779.94
083e1c42-533a-4b81-b5a8-d9e80c6edcf6,c5861065-d538-4dd7-9407-6ec42eaa2d46,8/8/2019,863.70
8073d797-93a9-4f71-9f94-30d4e95fac12,901643ce-c1da-4af1-83c6-59b784f2a0fb,3/26/2020,397.55
db350c5d-5421-4af4-9516-504b7c8b65ca,a443215f-3d40-448d-9bf1-f46d67b46f4b,1/22/2020,467.34
76e01b84-3c7d-43f1-b950-876fce1225c0,5c173fda-8798-41e9-a9c7-7084826ba965,8/6/2019,422.47
d629930b-8fe9-4122-bfa5-2e3e602eaba2,b7573ae6-621c-4d0b-a566-7cc88230994f,7/8/2019,768.00
90268ff1-58ab-4a9d-924e-4c18e4b05349,54185e5b-a89e-4d6d-bb8d-df3388da22ab,9/4/2019,65.85
b24c6cba-f0c2-4d1c-a3f8-a58d7c26c9a9,12f1206e-c31f-4f47-adb0-e9a715335997,1/5/2020,88.37
4f68ab29-67ea-4b12-b6c1-f34713ef53ab,78054dd2-d0fc-439c-8504-847cd63a0bf4,3/6/2020,624.66
1fed649c-0959-47bd-bdb0-b417d3bc01eb,c9808da9-6f1c-4b2e-89e5-40f1f57a80d1,10/24/2019,973.13
c244b79b-3397-43b8-a551-9094b1f5001d,505718c4-4766-4355-99dd-5501ae693dac,5/6/2020,908.20
20472750-67cd-44b2-9e38-6aa793ad8e56,d5e2cd1c-3940-4b36-b9fb-4b6d37d3aa46,2/22/2020,733.41
e4cbe2d8-01c0-45ed-bac3-341d2a41cc9e,efa9cb05-391f-4922-ac79-386b01067ae6,11/19/2019,703.03
1d666894-fe9f-475c-a290-c46bec3a4932,bb2a50b6-1b4d-436d-85c6-26379c214b20,6/17/2019,621.22
c096bc26-c3d2-4390-b75e-dc0aa7dea5dd,05a3f657-cd14-4a45-b14d-49fd9bc12b6a,10/17/2019,73.00
8978f68e-d1ee-4c5c-91ca-ded6c860fe32,901643ce-c1da-4af1-83c6-59b784f2a0fb,9/23/2019,709.76
27c73cfe-2bc4-489d-b002-f797b560ba1e,ca14a99b-2d64-4246-a8da-5727577a7503,7/10/2019,282.42
867993fa-81ad-45f6-8da4-0c92f5ae80a3,564e7c20-645f-4c5c-8a94-9951502c9b8c,8/21/2019,884.87
ae4b57e5-4ffb-4604-b07c-16bfb2ada371,8b2ad548-48f4-429c-8b74-c2131cd1b076,7/26/2019,136.73
59d793d8-b655-4ece-a405-714bfdd0ca6e,6a6bc9fd-62e6-410b-b16e-9dc475f6f8f8,2/29/2020,42.11
5b0bd006-4bb8-4420-b611-0365339b21e4,4f8ac2d4-229d-4d01-b799-016ae13977a9,5/13/2020,694.79
1f063019-40ac-462e-8a43-5e5a1817f583,bc66c67a-c2bf-42a5-8e2a-4c9daf226f55,4/12/2020,394.17
29588bdd-9552-462f-83be-dbc59e0782be,7f13178b-6d5b-444c-9930-1b6da7505071,1/10/2020,845.36
d2ac6594-80d0-43da-aa54-108c8a9d27f6,297fc78f-4711-4f90-8d80-4f009df2fa23,8/25/2019,372.15
2b7c3279-767a-43a2-89fc-f32e491550c0,a25efda6-5903-44a4-9435-1cd67ea45eac,2/4/2020,84.72
f335190c-ed01-4f32-9aa2-f7294c2a2a67,82493446-c06a-4529-8009-ae84c32ea7c1,12/15/2019,604.60
3a2b2b72-c461-4be9-b426-33351c740b80,d11cdc51-78cb-4915-a49f-ab8144100d12,6/3/2020,97.86
a5563aae-4554-4443-a8da-fcf6613402cd,f3dc28e7-660d-4d4c-b165-0afb172c7505,1/15/2020,555.79
b5bc8b31-e98f-4834-b09b-152351b9ba09,5a05e6a7-89c3-4e91-8200-62324cd5ec57,7/16/2019,649.48
28a27c94-1dcf-4115-a426-c0fced7fb18a,6ddd58a6-81f2-4f73-a0fe-ed0de66976a9,1/13/2020,726.95
c173145c-e7e8-4790-81aa-76a6c7339615,29132135-63b2-4102-931c-e6b82b17fbcc,9/24/2019,216.07
b7382751-818c-496e-9215-4a0cbb99b2fd,2081b769-169c-4ca3-a5a4-e1d7587a431c,9/7/2019,122.14
69ef01ef-0648-449f-a52f-3fa0e23676a8,5ec6b089-b51a-4e74-844c-22e4ba77be6e,9/28/2019,288.03
44a0c763-7d70-4809-ad13-75e7f1bca2a8,0cd321f8-75fd-446c-aed8-76c044918ae8,4/13/2020,112.66
09e5a50b-7588-4471-b9fa-c378b3ea8cb8,184b0637-e7ed-465b-8c72-39818f76a4b1,9/24/2019,919.77
26ac6863-d026-4bef-b8a9-2b9b97d907c2,ab6ea3a8-b297-4d52-9fe6-0f416e447297,3/3/2020,759.30
f3282522-c12b-4beb-8613-c52b6a01e383,4da6897e-9402-4a8b-9cfa-eb065a5735ed,2/12/2020,411.91
6db5080d-6bff-4fe1-a338-c9267520b476,d96c5ad3-95c5-474b-bc83-808a3451ac72,12/16/2019,434.07
4517f63b-74ec-4103-ac65-2d2e8211fe4d,c7737d19-6656-4615-af74-0fad14743c0b,11/23/2019,629.12
58fe376f-7de4-4635-b975-6cd181a78cc6,64280fb9-a608-49cd-9b60-49555972cec3,10/29/2019,881.77
5378bd10-f6d9-4aed-a167-5334f0570494,388c1520-15a1-4d6d-8ffd-a332b069a26b,3/23/2020,107.34
a794cd0c-42c9-4cf4-a1ca-972ef0de882d,eebf0b0f-b44d-455d-a733-1e39051f7f01,8/9/2019,995.48
53fe16b4-980f-4fd7-9e00-a08ba3bdf9f7,c44981f3-6199-4119-8e42-4ec00d24380a,4/20/2020,37.48
8e2f02e3-7893-4600-adf2-283f81e856d8,b0466ba1-bb22-455f-8f26-7d7966b5ace5,8/19/2019,419.26
f6f5cd5e-93f2-459c-a962-81735f813207,c1c49b93-dc76-4f9f-9a0e-f5e4554738a0,4/29/2020,65.59
5a431940-884a-4490-b960-08797b9cfb24,13613c11-00a6-4f9b-be2f-e10eb72a538c,6/20/2019,282.13
ea2a61de-9176-46c1-8ae2-e3560983cd37,057757a9-cc3a-49ff-a528-1b800368bc8a,8/6/2019,793.05
962b735b-822a-4fb6-a750-87c598d743c3,2524a5bc-c4a3-4915-851f-ddf4408edb52,9/17/2019,406.36
ba895589-4747-426b-948b-cfae1bc8660f,658070e2-f546-447c-9c27-6de3a8d3e2b1,8/16/2019,737.86
77146697-cb02-4551-8a4c-c783bb8a7fa7,ffe7db5e-3526-4e41-b974-f3f1e0f9fa1e,7/6/2019,361.92
b344b7aa-6c21-40ce-9f60-4d7988c45b74,e33933af-9fdb-48ed-9401-2be3d47dbf1e,11/1/2019,44.82
13261cf9-d04b-469b-b675-3a6929fcab57,ddfa293b-614d-4cf9-a098-bc6e00c3fa87,3/30/2020,951.83
e799b1a2-f0f0-4954-9955-40f96c0e6977,ca2f20ec-6dbf-497a-9e9f-0008eb2a4ab5,9/21/2019,205.86
281a8093-16e8-40ac-8c2a-367792f0d670,d3851e26-516b-41db-97e5-04027fbe18ec,2/24/2020,685.95
2f211d21-0d77-48ee-9370-027ce6976adc,96004501-2924-43bd-a0f3-54c7451d336d,12/9/2019,592.96
d4b79d69-0dd6-4740-922b-76fbe780f325,64280fb9-a608-49cd-9b60-49555972cec3,1/9/2020,776.13
6cad7222-a77f-4952-a675-3da79234d213,4f8ac2d4-229d-4d01-b799-016ae13977a9,11/20/2019,543.54
14243943-b9b0-4c19-804e-e4a521f56c2d,b059c645-b67f-4fab-ac3c-e76f8e45bf2e,1/19/2020,564.36
4c0ad493-8812-4c1e-98c7-d2557f9a6b90,89bb414e-fba2-438c-8de7-6feb3ee2a206,12/15/2019,813.90
bec550aa-e55d-4ac7-8f65-a8e0e5ab9911,7ccbfa99-b3f5-4342-81ad-daa07693eee2,10/18/2019,807.58
ef8d0338-243a-4fef-be4d-597de3fd9b11,69505006-065b-4850-84bd-7cf44a097154,4/10/2020,346.36
b62be505-1f0a-4631-9d1d-3dbe100c90e3,e468bd1d-51d4-40a8-9a8c-6bef9d5f1aa7,1/2/2020,905.83
cb316bfd-a531-4460-813d-5d4f5e917674,b84767d9-8a76-409d-88c6-49aff3a0cab8,7/29/2019,822.28
a924fa05-c162-415d-9f8b-63662e175fb7,695132ef-f53b-4d54-a5be-01b634469ccb,3/5/2020,590.64
c8e20ed3-6476-4d17-99db-8ba06bf2e69c,e615c90c-6d53-45c1-b6fc-25e1287d7b50,7/16/2019,821.53
69d7cfa8-1c3f-4181-bdce-06684f592eca,d0c3e7bb-1b80-4f6a-91c7-59e3d4c9c152,12/23/2019,623.07
af81ae87-b145-4530-81fd-ecfa3ca32455,32c7a7c3-84c6-4bbd-b917-2e00ffa8de90,5/17/2020,49.36
175326f3-b73a-4c81-9922-3179d9aadee4,8d3c9801-36a7-45e7-b6f9-486740907756,1/22/2020,29.94
782ceeac-28f8-4111-a000-2004b84f7807,dfde3a4a-a8b3-4e98-8c08-ef0a84e613d5,6/22/2019,69.95
114dd94b-45d1-4776-b62b-07fb53bfaa6e,e919af40-d106-4bea-8d52-843e41489b1c,10/14/2019,237.38
3782473a-c321-43ee-ae54-fee9d4cd24bf,58bc6fee-8410-489c-bfb7-0286e2237c82,4/14/2020,329.61
c2303333-9d30-4f09-999a-4328d44ade93,cda17c89-fb1f-4416-8530-043e295f1ffb,7/23/2019,562.84
9734a220-3d5b-48fe-b897-deac342a81b0,677e3c17-d951-434d-b45b-773e75ff42db,9/4/2019,889.57
957cd48d-c287-4cc2-8fac-4a4db9b6b4f8,16373123-b4dc-4ca8-89ca-6738de94f9b2,1/1/2020,606.25
140baf02-a276-4afb-98dc-0d2e03316260,9c57d6e0-a6dd-4fb0-a785-4055e4195ebb,11/8/2019,499.50
181bfcf0-15b8-4e7a-8cc1-cadd4448c0a7,b10fdb9d-a6b7-41b8-9ca0-130963d5dc09,3/29/2020,825.29
8227dc90-03c5-4572-b405-e5cef3cab6c4,8320c565-c8ed-4c0e-a154-9435d1e509d2,7/15/2019,409.63
3b527ca5-d5d1-46f7-8d14-a70ad96ea11e,1feb58b3-83d7-476d-8509-b057c7e7d449,5/23/2020,121.60
834b2959-df1f-4318-b7cc-2264a53e7b72,8b4d4a97-3dbb-413f-8af6-407804057107,7/12/2019,53.29
a121d5ae-4b27-4382-bd08-39bdb4f4acf9,a68c6991-13a6-4e37-9973-1e2d7be6bbba,2/16/2020,825.40
767b1d25-64f7-4b10-8220-042ff3b906c7,8d3c9801-36a7-45e7-b6f9-486740907756,1/1/2020,166.14
a75fef69-5cb9-4954-a833-f79db47b4c4f,3c601fbf-ba8c-485f-8c7e-a75fecd4a371,6/17/2019,61.73
7a01d06f-0c8f-4f74-bad1-70a41c1b730f,a411989f-9cbe-4dc2-8558-20e7e5732b48,2/13/2020,209.22
27669992-c7c0-4bfb-9016-dd082bd46c94,97e54df2-fbec-403d-b84d-06186fae2415,4/7/2020,217.50
83d2ead2-84b2-412d-bb76-1bf658896df3,9f0f8e13-8e32-42a3-b228-4919122748ce,8/21/2019,554.83
928af065-9d97-4f71-9686-27aa36e2b633,9ea1203c-8b49-435d-bc4c-b33e48fd99fd,2/13/2020,695.67
f9f37c9f-c881-432b-ba8f-f516a3685261,9acb5efc-1ca7-4dd8-b730-96f95ae4b956,9/24/2019,565.75
772034af-349b-4a24-9409-5b3c6cb7c344,98dda583-5f94-45ae-8472-e07c8ba522a4,1/29/2020,975.81
99852006-b43f-4536-87b1-440dc48b8bdf,71e226ef-0c6c-4a42-b1b5-a06a4ea50fea,8/23/2019,323.69
b92ddc27-ba61-4325-acbd-da5e7218643d,bcdc2bb9-9523-4e52-9f34-3d696be0a4e4,2/19/2020,373.55
2cb5f70e-3c07-4244-b5c0-adc096d21a32,3bb1ed03-b9e4-462f-902d-6343a2be7984,8/26/2019,42.03
1acdf4e5-1c2a-4f34-ba93-5be30dc29dda,4d10deba-7f22-418d-bd65-d7f7905a6849,11/20/2019,523.05
b208893a-a047-485a-8235-17a84cd36f86,282c3399-1fc0-4583-b844-f16c70846e5e,7/31/2019,792.81
09e2516c-a342-4cd6-a58f-1cf121c00fd0,02b3f8f7-9062-456b-a5d0-691f35ed9360,7/11/2019,640.78
accf41c7-e3af-4b9a-bbd3-f446251944c9,0afacf3b-a4e2-4018-865b-79dc07f8861a,11/18/2019,198.21
938374db-199f-4403-b13f-36f6be1ede9f,be9e2dc1-3e35-49e0-a252-bc84535c760e,2/6/2020,887.32
3cec93cf-f661-46ac-a6cf-1742c05c3be7,34b32b29-f608-4f5a-bc4f-4a95e73872c3,9/2/2019,49.21
4cd8c37c-4a38-45da-bd22-39ac9f96c360,82493446-c06a-4529-8009-ae84c32ea7c1,3/30/2020,689.52
da95cb0b-b4bd-4608-8583-7a8c97804519,ddfa293b-614d-4cf9-a098-bc6e00c3fa87,8/20/2019,719.80
8765e783-0f35-4ab2-9a84-728443c09a82,d5c4af7a-d8d7-4719-9b83-c48ac6cefee6,12/13/2019,65.45
cdae95db-015d-4c8a-b1af-3d81ec8a33b5,ce707f7b-9831-49a0-96e6-a2bce17a24e0,1/15/2020,302.97
0f8d1b4c-9040-4c41-bfb9-b9aef947e19c,b30a6934-ae03-420c-956b-764ddade49d4,2/27/2020,327.56
2c4912e1-35df-4d5e-b19f-e99fd26683f4,c9d725ba-578e-4cb4-abb1-c65950169630,6/24/2019,705.86
ef8c0e3b-f191-41f1-bd92-5f165c0bd94b,df770ade-28bc-4401-aaf7-b92715b02ddb,2/16/2020,129.55
89c3ded5-e611-48d1-8ec2-2a1f967c9a68,d6d3c8c9-560e-4326-a15e-523cdfb25837,10/21/2019,118.03
ec8ec967-5550-4a23-bce1-6bdad84394a9,390ac7f3-1eb1-4bfa-8562-16dd3878041b,6/22/2019,397.67
ed7b9ca8-f568-4822-8932-6bf0e42a82aa,aba867da-8de3-4b3f-8edb-544e61fd4f0e,3/3/2020,914.46
4ea15bc1-2cdd-4980-a8a8-3202bfedf054,e467e664-099f-4a90-8783-4541e8a4654f,7/20/2019,721.86
87eb193c-5241-41d2-a12b-22122169484b,bc1553f2-c2b3-44fa-b832-3b84357df891,1/11/2020,448.67
c6aca690-c4dc-48f5-b9be-916d69f5532d,8b4d4a97-3dbb-413f-8af6-407804057107,11/2/2019,154.07
532b8e90-28f9-4ad5-bcf4-a24bd54e54f7,5bf95a49-ff59-48c5-b388-d988e5741e96,2/24/2020,687.66
cc9b044d-e3ae-44bd-96c1-e07ce57880f6,568e198d-b961-4bcb-9b52-3a966cbde688,7/27/2019,214.34
613022d2-3678-4b02-95be-31ec866833ac,e4c9e77f-2c73-4bf5-a2c7-ea206d738ccd,12/28/2019,234.05
b241dd4c-49e2-497a-aa1e-63ab16acf286,4844c5f7-36d7-4423-a2be-6bd332d622dd,7/13/2019,320.37
9308b5f7-d7e5-43b0-ba02-3ff403fdccc5,c7d03748-5913-466b-a4ae-b9d947cd5e86,7/23/2019,397.00
5df50c85-0f89-47de-8b40-f1170f6994c9,9299273a-d4a7-47d8-8a6b-bb290ef1fbe2,3/18/2020,398.29
f7636b1c-4f7c-4ae8-bd25-89cc3fb3064c,822a4668-8809-45d4-bd22-1255e212ae01,3/6/2020,950.55
e5133222-8d5e-4c5c-8444-8cdebe6b14e2,c5c33765-5260-4dd7-8655-4575f81518ef,9/2/2019,375.80
39255aff-2692-4279-bdad-1ae916e85a82,d00b353b-3acf-4217-970b-5166f2da2a2f,9/6/2019,354.77
b0d9b650-31e4-4ada-97c9-10ff0f739094,02b3f8f7-9062-456b-a5d0-691f35ed9360,8/17/2019,6.89
85edcb5f-e30b-44bf-bef6-1e258a5a0cdb,7ba760cf-7a94-414c-83c7-acc4035b5462,2/25/2020,480.94
1a062623-263f-43ce-b137-a69dd3d612e1,7047419c-d047-46c7-9cd9-6e7fabdc544e,11/29/2019,906.63
ee521c2d-acc2-46f9-bb1b-3926558f954a,4cd476e9-15f1-4591-b841-f6dad490fad2,2/21/2020,25.81
a65226c2-bc9c-4c44-b818-3beaee74eecf,8252ea4e-9773-4e70-849a-6b51a083af12,10/11/2019,510.29
4b412197-3766-41a9-882b-aada6621f3fe,e46541a0-6837-4a3f-a97d-051bd33af04d,11/2/2019,761.57
a1fc0581-152f-4fb7-ad82-bfc8e0dce208,494d6c6b-2cee-40fd-8104-a113d755fbcf,4/29/2020,766.84
8424018f-d2d0-424a-b747-f1a1bf6dba13,d88a79ca-119d-4cfd-85d6-d0ff8026cbc7,11/29/2019,142.27
604a564f-367e-4396-9e12-5404f1834970,55444c4c-77a9-493e-9e3f-147ea2eee1a4,10/6/2019,27.27
2bcff1e2-e552-4efc-9e45-91f2f832c4d7,a443215f-3d40-448d-9bf1-f46d67b46f4b,6/17/2019,944.19
6520e871-0292-4edc-98b4-383d701b68bd,d3a21735-80e1-4743-b996-2fc24109f292,8/28/2019,286.59
c963c674-abff-44e9-983a-4ba17514cdcd,abb5d342-97ef-4fa6-830f-ad61bd1d7e37,1/9/2020,737.06
13d2b0f9-ab18-4ffb-ace5-4aeaf5a7081c,5aed71d8-5746-4f2a-b30d-03b067304574,2/15/2020,571.82
f0fcab86-3605-4bdf-925a-d41e40c4fbae,69c245bd-0073-494d-9ce5-6fbc14b56023,2/20/2020,537.48
742de23b-2dde-4484-a843-11896723b38a,89bb414e-fba2-438c-8de7-6feb3ee2a206,8/17/2019,590.06
b050506c-2eff-4946-889d-90f4fd18f152,d3851e26-516b-41db-97e5-04027fbe18ec,3/23/2020,799.35
1d4aba45-28f5-42ca-98d4-d69fa387c2dd,3227e057-a485-49e8-8b23-fd8b7e97cefd,7/2/2019,304.14
92d58ce8-5ced-40f1-bd0f-235a5be23d3a,944a4572-e4e0-4ef1-b2cd-66428ca460ef,1/21/2020,27.53
3e70129e-fb94-4510-92e7-ae4923b37731,2757684d-fc81-4fb7-85be-5f11e37cc8eb,7/15/2019,883.35
cc1b92b4-7001-4ff1-ac08-286a92499b87,8969432e-7bc0-43b7-9d6f-2b6fda015eb1,7/3/2019,142.69
01a87546-a463-4954-bcdb-3a8fd25ccf83,e441087b-2071-4cf9-a734-2a7167b38de7,2/16/2020,212.43
b9116577-b79e-4b8e-81ce-ed428c3fcf14,d54073d6-726a-4d78-aeba-32213b982d97,6/5/2020,141.41
6316db48-b55e-4146-91de-e0c0e2085c5d,c24c4d07-4889-4b1e-9d3d-6d772149d82a,2/7/2020,544.44
ba4ff4db-1caa-4eef-b65c-f61e94d1c887,8e748dbf-614a-4aa6-bef6-b5c36aab9006,6/15/2020,511.10
4dccc025-8393-4ce3-90f7-9b08220581a1,d23a2a60-9184-455d-bff9-f5b6067303d5,4/26/2020,688.72
222e949d-f2ca-4187-b45d-a51360e7a1d7,f1c1c34c-6edb-492e-830e-2580e44b90bc,3/3/2020,921.15
462e171a-54c7-4b10-8122-2c7d80fc9f19,2975fedc-e527-4e18-96a1-292a8e40de65,2/2/2020,718.17
e5b510d0-d111-4152-82a1-45f90fa79cf4,a01a0233-7af1-4cab-ba56-1db4ef3a2f28,8/25/2019,741.46
c89dd968-a362-4130-8b35-64e5a4b165b0,91cb1db1-5285-452e-9ec3-587fc0efb319,8/23/2019,966.24
12c7f126-7103-4b15-a20d-46eb93dda47b,5e0252ff-05d8-4811-816c-72cf5ebfd4c8,1/13/2020,270.90
99adb6bd-e83d-479e-8684-7c44ab811fa5,7fad6caa-0b46-46b5-b3c4-6d7eed75bbe9,12/4/2019,812.03
f4d7ef70-4a7a-438e-a659-e2ca8605cb41,e441087b-2071-4cf9-a734-2a7167b38de7,5/19/2020,394.20
ba8abbe8-b889-431f-bf53-1e2e8d6233eb,d00b353b-3acf-4217-970b-5166f2da2a2f,6/2/2020,533.41
8f1d18c7-86a2-46fc-92a7-ee05ea164ca6,0a2d2f4a-3d1b-4be1-936b-02a349168461,3/22/2020,519.86
7324edb4-2def-4dd6-8d5a-a2b68537377d,fcc587ba-4df7-4f57-a0ba-36d4a499fec8,11/12/2019,823.08
c872e216-afe6-407a-bb93-cc4abc463d0a,58bb4f72-e40b-4653-b089-16391edd4720,1/6/2020,124.93
8e972653-c465-49cb-aba9-1ff1ba71d092,5b6132c6-ba20-405d-85b7-4c1dcfb80ba3,12/22/2019,637.03
2a2ccbfb-83fc-4647-ba81-15b082f31ea5,390ac7f3-1eb1-4bfa-8562-16dd3878041b,5/11/2020,833.04
34ebc7b5-4de8-4135-8bcf-005c1d12ebdd,70e699a9-60c0-4930-89d6-20a0ec00c600,5/2/2020,981.53
d8625101-e275-46f6-9d84-d27e39e032d4,3fe9d5b1-97d9-4193-819c-2e93fd489435,12/22/2019,255.66
0d0f5f5d-aa64-462b-be19-cc6e213cefe5,6d97a75e-d725-47d2-846f-d17ca5e0f23f,7/19/2019,441.69
92debcab-14ce-4378-9983-3edebe3dc910,1f370876-8895-4726-8594-2d448541c16b,10/13/2019,503.52
8d364125-3a53-45cb-ad58-3aad9585c5d1,891976a4-9d69-4415-95e6-b2cc83337dd6,11/26/2019,482.10
198c709e-e72e-48ec-8e10-b652ceadc923,0d7442f4-dc48-4759-be44-ed5311f9483b,7/23/2019,566.38
a6507645-8f2b-4445-9621-b4f982ccc1b4,9e987bd4-fcb3-4362-971c-ca3c6dd26e92,9/28/2019,330.22
67e43455-7e4b-4855-b5e0-15689c6315c6,7d60ba91-1266-4e01-b268-cf1cff0654a1,12/6/2019,353.59
1b6746f4-ba13-4dca-941e-a2c4228a9c72,8969432e-7bc0-43b7-9d6f-2b6fda015eb1,5/23/2020,630.03
2b84e893-5031-44a9-8841-dc7a078f2a0f,81852251-1c86-45e4-9fe1-a9c39f07d7a4,5/15/2020,172.28
ecd67209-3481-46d7-8830-e769b612d109,a1f2207e-562a-41da-8a05-5b78ae517b29,7/1/2019,636.10
e99c26d6-e949-43d0-b2be-9027bc672c31,4dc32a68-8849-4020-9755-dcf6436341e6,6/13/2020,637.82
1e1cb55c-aff3-421d-9d15-c84cc9a7197e,71795283-c30e-48f9-9130-d101a607478f,12/9/2019,105.71
535c171c-1ed3-4bd4-bb25-f837b22da738,b1c482f2-90cc-45b3-97e0-a3dd07bd39b6,1/29/2020,953.06
088b905c-ef00-4c0a-b321-235d117a8187,862f0466-94a7-43c8-9559-0a5a228c6744,8/6/2019,837.45
61d7b150-63ac-417b-a80f-780fa97b93dd,a4f6d634-577e-40ac-b5fb-988f5c8c7939,1/3/2020,109.55
af6e3340-efc1-4c7a-8ac1-3ec23a76d2dd,9c014612-c45f-45b9-8419-22979b44cf31,6/14/2020,491.67
079493b9-63b0-4704-9357-407c9a57193e,96004501-2924-43bd-a0f3-54c7451d336d,10/18/2019,918.03
7e11c0a8-d72b-4244-b286-c03fb4bc6ea6,ae9897c1-12a3-48c6-a3be-f674506cb521,6/30/2019,671.39
ffe08672-78e5-4be9-b578-3194ebf86eb5,a65bc1b7-067c-4f90-a2c7-26714f17ed35,4/27/2020,212.72
16cf05ba-8727-4dc9-98ae-aeab9d60f9ae,0d4432ae-5163-4f3b-b343-46811469a9de,11/16/2019,938.96
0987f3b2-b108-4d88-a69a-c21a46f77244,88dbd073-547b-4501-a35b-a941407ed7bf,6/20/2019,144.82
d88419d8-0f7f-4699-aeea-1a3e50a375cd,ac09c08c-36a0-41a2-8b25-afd0d599f456,7/21/2019,205.44
2c4c4b7f-7b3a-4925-968b-c4ce7b710453,7f13178b-6d5b-444c-9930-1b6da7505071,1/8/2020,92.57
aff949b8-2dd2-4b66-817f-7162c204eddb,bc035085-c6cf-42c0-abc1-cbad847aaba7,11/23/2019,884.26
68d57b21-39b2-4646-8171-46aae8b870cf,ca1cf6c1-60f2-4697-8286-f9a9b212e35c,5/18/2020,937.87
197a95e5-19fd-4dd9-9447-069cea18306a,e919af40-d106-4bea-8d52-843e41489b1c,12/13/2019,849.14
6fbe8a49-b451-47ee-8ed8-7e475c18b1f2,1e4c8fb2-a099-4330-8a4c-b4ba90bc34f1,12/30/2019,785.51
b498c490-6572-4658-b187-a04fa729549c,da0a129f-74c8-4222-8bcb-42b99d156c79,2/14/2020,945.05
e8222b3d-eda8-4e6b-a33e-7846cf304c5b,d11cdc51-78cb-4915-a49f-ab8144100d12,10/16/2019,669.04
a86697d5-23fe-4624-8212-0adc97f45f27,cd1fc676-208a-48fb-b1bf-bdb2a05fa45f,11/4/2019,250.93
42176f4f-88f2-4382-940d-0b130269d304,da0a129f-74c8-4222-8bcb-42b99d156c79,12/29/2019,658.42
c178cdbe-82b8-438c-a91e-16e1f33ce770,473f3900-a682-441d-b760-ade01a6a8f52,10/3/2019,570.33
c2de16e9-511b-4965-b7d4-6a96a39b951e,d96c5ad3-95c5-474b-bc83-808a3451ac72,11/25/2019,561.70
84b82196-506c-43e1-b2c0-042357d918bf,7c42c352-81f7-4fee-9c64-a0b4d3f450b5,11/24/2019,409.67
5215d64a-8d37-4494-8462-9bce150f06d5,602df94e-846f-4020-a7e9-df412c05a2b5,2/29/2020,657.55
4007fdf3-7937-45b7-b8af-6d2c100d57f6,1d16c74b-a011-4308-94ce-5a1071de03bb,2/5/2020,913.19
2b5d7bac-a3b8-4087-b898-f23229cac651,d0b1f27c-c2e0-4508-8939-dfa59d54b1e7,4/18/2020,826.28
3b284416-3b90-45f0-8135-421f4b04b3f7,7dd77193-aaeb-440a-94b0-a6bf142f1d96,9/9/2019,356.23
9c67a06e-d180-4351-a19e-b587266a3b86,5f7f0f69-d757-4fb6-90a9-c0118a703450,12/22/2019,290.51
77651e26-ceb8-4f2b-ade7-18081a3e95ff,80b98ab3-c650-4f9b-a688-25c48fd4129a,6/10/2020,203.68
2833f1cd-d1f5-4ba7-a88e-0f5ae32248c7,8e987f99-b4b9-49b2-aed6-3bc764bd0b74,6/19/2019,8.09
66260eb8-e93a-4c08-97da-64d26354606e,17d8051d-c402-4ac7-af3b-bfd01df88cba,7/9/2019,254.34
fc085457-f4f7-435b-94fd-5c949367ca49,37d219e0-fa45-4986-a4a1-6e5d2499e061,7/25/2019,734.21
c8d695a0-d498-457a-b39a-54e8341bfb97,c24c4d07-4889-4b1e-9d3d-6d772149d82a,3/16/2020,121.20
920545f9-28f8-455e-9cfb-b77b80d09637,c5861065-d538-4dd7-9407-6ec42eaa2d46,1/6/2020,873.72
d416a308-7326-4ea8-b998-7064a39b0d53,fa60af9f-6d13-4970-a0af-7a38801fcbc8,7/27/2019,89.92
4f531869-6cc4-46ae-b5c0-c3259330dbaa,4191dd5e-c25d-4984-8276-86995ac9bdef,4/17/2020,124.64
70d2d3ac-bc6e-4a6f-ad6f-6d368d582be8,7ff06a28-13e1-4946-9c5c-e5ab221f70ed,3/27/2020,692.29
24e891ca-b0c5-47a4-8c82-e9351be6ee26,e468bd1d-51d4-40a8-9a8c-6bef9d5f1aa7,12/30/2019,924.70
785435b8-4ea3-4dc2-8f61-d5eae3915e2b,184b0637-e7ed-465b-8c72-39818f76a4b1,9/5/2019,104.63
6a74e550-c5a4-450c-ae85-69104d5e0891,1f3cd2f0-22cf-404f-9be8-891c61fa25d2,7/13/2019,247.06
a8cb6abe-d6e2-4b22-aa45-faaaa4349f1a,a6c39719-3de6-4f9e-a5ee-7b9f77a1468d,11/26/2019,526.66
1b9a015d-6455-4ce6-ab53-f29e40bfc550,8a10b94d-6f67-4d6b-9e2c-6298a0128771,12/18/2019,692.92
77d5be24-2591-4328-861a-a4dc01cb4d98,700fd450-ec69-4ae1-8864-8f58475252b9,11/14/2019,456.97
5b7990d7-a81a-4cdf-9ce2-bd7265432206,d23a2a60-9184-455d-bff9-f5b6067303d5,2/21/2020,623.80
3d098486-a5ab-41c7-84d2-d7bc5f5bb325,f14c0b3c-a11f-4b56-9ff0-11921c30c03c,11/2/2019,715.89
b50ccc01-059b-4ae6-956c-49b8b64a8630,2081b769-169c-4ca3-a5a4-e1d7587a431c,7/1/2019,138.57
b2b16ff0-c6d3-4c71-955e-6d84ac8215b0,29098989-1246-4359-8245-9b8ddf852334,1/28/2020,892.83
45664c1c-d40e-4889-a62f-6058eb9258cf,cbc173c9-c3b5-4bb7-961c-512f40056eeb,4/11/2020,73.84
b602bea4-c142-4d2b-8ec3-ef52a0294fe7,01f0fe5c-df9e-4058-b8dd-45897f3a3945,2/16/2020,562.00
15ef82fd-305e-4a88-829a-cd9466725e63,6608fdb8-a258-46a3-b25e-0f11d5563a4b,11/25/2019,851.86
e8d0ae17-1a9a-42b9-a6f0-893b38c7dd64,e29a8e55-c911-4738-893b-c28e18a87873,6/10/2020,905.02
49182eec-957a-4dbc-b74f-f369fc935d6a,13052713-10ec-4e1a-bf6f-55b556e928c0,8/16/2019,295.89
303e5d24-5123-4151-8ddf-fde225c8177b,7bb17ef0-323b-4b46-9ad2-403e7179f4bc,9/23/2019,710.45
8707d4fd-eb94-4c20-aa0f-84d0bcc206e3,bbf4d5ba-35e9-4a59-acdb-e51d18181f53,8/23/2019,788.63
fce2b6d1-cb00-4ad8-80a8-5ac878df3620,1f3cd2f0-22cf-404f-9be8-891c61fa25d2,2/4/2020,259.74
f4345825-6b4b-4255-89a5-4afde38a90b9,010c2c2c-3532-4665-a973-17bdda08bd3b,8/30/2019,869.33
b161b0c6-c9f9-481b-b203-db70161a62d2,e1abc7e5-7130-4140-b8b6-1163591b66f2,8/13/2019,16.16
0428eb74-05fc-42a5-8180-1e0a4f7fcfcd,028658d9-5c01-41f5-9984-b74deaba14f8,7/22/2019,834.81
935dc3c1-a828-4660-b762-b2113bacdcde,0bfd0ae3-ba2d-4012-a4ab-c01881931ac8,4/29/2020,811.73
b249fb7c-65cd-4a51-94ff-40db7cc40fc7,c7f9d504-b921-4f3f-991f-6944f1f14662,2/23/2020,683.03
74f21bfa-9dc7-47c1-a13e-31fb627cb336,eece8389-f8cc-45bb-8d54-8d531c2a4ae0,3/28/2020,46.45
6abf155c-1b74-4d78-9d7e-2f737303cae8,adaf2e13-35b8-4dfe-a960-5b4cbcade6bd,4/14/2020,515.41
6b0cf71c-96ee-4419-a34e-d1916c7bfc50,602df94e-846f-4020-a7e9-df412c05a2b5,12/27/2019,52.50
6ad586c4-fb4e-49fd-9060-70c1675bbbf1,e4c9e77f-2c73-4bf5-a2c7-ea206d738ccd,9/5/2019,172.35
04bce6e0-a883-47f5-8e1d-58e5855ffbb2,f60a63f7-ee47-4f96-bdbe-ebf9a50c9010,7/1/2019,301.91
85568507-66d8-4971-bf27-48db2e87f8b7,2d44d6e1-ddd8-453f-8e33-b5ba5c092ade,7/8/2019,84.59
bfd54fb7-bd3f-4b6f-a752-52d0b1e35eae,16373123-b4dc-4ca8-89ca-6738de94f9b2,11/14/2019,822.37
99a662a2-493c-4eb7-8d22-10206ba88fef,6f9b2d2c-ce56-453d-8614-1b2e537df0e7,1/28/2020,247.98
3b0f13ab-d044-44e4-9e47-3aa95a442799,79f674fc-7a11-42e4-9d79-08361fbaab31,12/11/2019,602.39
8d1e799d-a2e0-42bc-83c5-86c6b60469e8,bfcc5a24-4012-44f1-b327-acb9ff0e00db,11/20/2019,895.77
f03713b7-d82e-4fe3-bc50-87e617791c3b,4144b417-fadb-413f-9a7f-578b892e6ce1,7/31/2019,974.22
a3fa8340-19b2-48bc-aade-8e9a7287d900,26fa5a49-5194-40eb-8faf-219c9fff831e,12/23/2019,342.83
3e2eaf25-0512-4758-8030-1f1a8646be67,9482aa95-1185-4fbe-88e2-822dda49f865,9/30/2019,400.36
a60af48e-2c72-449a-96a9-92d8cc6c9925,9ad42c35-d838-44d8-8c31-734e6b5153d4,8/1/2019,661.86
32c04038-293d-4e3d-b2af-41a21c9242ce,0eaa3b78-ada5-4475-b95d-c10ff415ec03,5/9/2020,844.34
aeeafc7d-fd47-474c-90be-8b11b5eaf343,a4feb852-cb3f-44a7-acd7-60d91328c86a,4/5/2020,846.82
3ee790a3-2b99-4ce5-a824-fbc575b66c82,c24c4d07-4889-4b1e-9d3d-6d772149d82a,12/22/2019,616.54
237341f9-3328-4129-b5a7-35707a9fc51f,a4794779-57b1-440f-9406-cc87b9fc7661,3/5/2020,376.40
81e32d8e-66ed-4d57-930f-b8f00b956bcd,3fe9d5b1-97d9-4193-819c-2e93fd489435,10/24/2019,129.03
555a4cd6-db99-48d7-be8d-3b0c5b80ce3b,7b212707-6e67-4659-9813-3202a0ed6487,5/21/2020,79.86
0c3c4124-c362-4c34-82af-5c4acffc1f53,fcbfe635-532f-4732-8df5-692db53758be,10/27/2019,282.98
723e261c-1365-4e28-9313-f572412371b3,58de7ed2-7472-4e5a-b743-67f7d52fd858,2/10/2020,303.10
cbcc17b5-bc8c-4314-ae9a-371c9e659360,828d4068-1bbc-4ea3-b018-28137576e977,10/13/2019,523.90
572ad8bf-72cf-4695-86b1-46a29c81237c,06e9c541-94bc-4d48-917b-dd2720255f96,4/26/2020,284.91
3207b46a-feb3-4ba5-a6cc-eb57edcfaba9,740547a4-0bdd-48e5-aac3-f003bc9eb433,2/23/2020,124.14
a5cc775f-2e67-4809-907e-8defc3c2439e,c97f279b-43af-43b9-8f50-bc36a5e06df4,12/22/2019,696.74
ac1e7644-6d1e-4bcb-a7f8-e14b7e29940b,a122021d-06cf-4b7b-8a55-5a2799e63f7a,10/20/2019,28.45
7a0633b5-e7d2-44ed-9a7f-cc78d174b0aa,9cd615f0-de86-40e8-84b4-3e6b84efbf1f,3/23/2020,703.68
9f23a4ff-22e0-4d45-ae92-4f541dfb9f00,d86c859c-8367-48a5-b10b-d030a9a511b7,5/14/2020,102.49
0bfe2567-7a6b-45b1-bd5b-98061342515f,3f430626-b59f-43d8-9c0b-a599b012bc3a,7/1/2019,774.62
5929bbe2-d64e-4bed-8e3b-2ef9fe46f6be,5c8ece49-41e9-42dd-83a7-36de55e93569,2/29/2020,575.43
9dfa1bd9-f041-4baa-abce-97b5b4e94ecb,7ac378e7-4542-4806-b69a-50a9b047a414,9/26/2019,703.89
40f6e374-5183-4c0c-a8f7-1aa876395d11,f596169f-fdfd-4f5f-acfa-f7fce3df375e,4/8/2020,722.84
ced3c31f-791f-4387-b298-d9f140435f85,903b40d8-dee2-424b-86be-01ab73c36ca6,3/30/2020,292.83
597e3e3a-3281-416f-9be7-e58eb1ffa797,aa63e10b-7e1d-4bda-8c30-dcba90ddf2b9,12/9/2019,75.86
98c9e813-2235-4e59-8736-17ee78cc1053,0d7442f4-dc48-4759-be44-ed5311f9483b,5/23/2020,374.44
d6344529-0370-42c7-93dc-40395a60f453,9299273a-d4a7-47d8-8a6b-bb290ef1fbe2,5/2/2020,58.78
768f5d73-c1d6-4677-97ac-c3f372e54f81,502d60cb-7cca-4d4c-93f2-68c83153a5fd,10/30/2019,818.50
b953aa21-4cca-425a-8bef-aa26f069eb7e,25e52961-4171-44b2-a3f1-d98e348b4430,3/7/2020,320.91
0ed16326-f1bd-4180-9e30-2c6eac7a7b9b,a443215f-3d40-448d-9bf1-f46d67b46f4b,11/3/2019,672.14
99d1f223-ac92-414f-a42e-dcab375b45b2,43ce79cb-eff7-4111-9f81-8fac3866e19d,1/20/2020,858.99
676bfb18-1a34-4834-abbe-a87fc1acbf71,5fba79df-f201-4691-928b-3cc0971c0143,2/7/2020,754.06
8034db64-9b68-4ad4-bade-e9ec235de3e6,2be23a21-dab3-40c4-b990-3002d1cdd590,5/10/2020,952.62
1ab8cea8-6b9e-4394-84d2-7f9938d57832,adeddbf3-8fa6-4f1b-b420-4e27f54bab9b,9/29/2019,658.70
9b3b3bf8-9ad0-41d3-ac78-5362cd44e745,ca2f20ec-6dbf-497a-9e9f-0008eb2a4ab5,4/4/2020,210.85
6c869038-9277-4848-9017-8f0ab35a9ca8,09e0dd7b-8f08-4eaa-946b-c1dd43689424,4/30/2020,519.98
36252652-f36b-447f-939d-e45f7b7a2f2b,cbc173c9-c3b5-4bb7-961c-512f40056eeb,6/16/2020,829.68
b553f331-3733-401f-afc3-f9feea045361,38e36800-f16c-4096-82a3-545d1de15a60,4/13/2020,780.35
6bcdfeeb-00df-44f7-8b2e-5aab74f9b009,d23529d0-354e-43e0-ba05-4aa7347ce2e9,10/19/2019,9.85
a07b788f-e0d5-4002-9750-86b65e5d8bbd,26582cad-47c8-4764-a46b-8c4acbdee15a,8/11/2019,368.97
767ae55d-3de8-4e85-9bf1-785158f31d41,da1c2329-3266-4b69-8c86-b5a441e35716,1/7/2020,911.35
75dca778-4101-45d7-a102-8458e1aa2995,caa9fcd7-bde6-48ab-b784-bdd1a75dbe04,10/7/2019,86.19
58734193-3bbe-4ff2-a8ca-ae68bb4bc6bb,0e38a9ce-aa60-40a3-89e1-00537a6611fe,5/7/2020,659.88
0d54555e-2c9b-4bda-a19d-3a77f57a236f,7c42c352-81f7-4fee-9c64-a0b4d3f450b5,6/28/2019,454.55
9a681739-398b-412e-b845-03c4fea1093b,a221f00e-0f8f-42d1-8840-51fb35e6ed7f,5/19/2020,884.56
82b629a6-352f-42bc-9427-806ec1faada5,f9e7197d-2c89-483c-aeb6-13eb216decd9,7/26/2019,582.42
ebd871e9-f92a-4d16-beae-b235fe7f1728,58bb4f72-e40b-4653-b089-16391edd4720,11/6/2019,864.12
4709a562-7abf-437e-a10b-737bd470ea7e,af371ec0-888b-47c6-8bae-0eef13bc4384,7/27/2019,831.20
235ea710-2e17-49cb-8a50-56fb88e608b6,5ec6b089-b51a-4e74-844c-22e4ba77be6e,5/27/2020,161.04
a90fa1a1-33e2-4ca5-b813-2eb7e1ffbe62,f148566c-01a6-4c41-aa69-97b08de2422b,12/19/2019,132.92
5af59177-1621-42bd-a171-db060fe671da,d7c442a1-1688-4bd2-a44a-6756c1aa001c,6/14/2020,230.28
eff80dd5-fc21-4254-b883-0e7123b6e098,67517559-47f8-495e-9dab-2ae0c300614d,5/17/2020,956.30
acf5c07a-daa6-4ebb-8f92-2094d3beda9e,da92db04-127e-4760-955c-6ef53ed91d49,11/11/2019,787.83
8b868fde-b276-42ff-b478-25f71de206dc,2973f4ff-7a8e-49cc-b0f6-34aa5272c182,3/3/2020,719.76
3cfe7112-d721-42c4-a12f-857e820605b0,62299c3c-b967-479b-a5ff-7b2c9a7bb983,12/22/2019,99.56
05a3eda1-2f39-4c4b-8957-23e87faff514,68a3a6d9-71bf-4a71-a40b-64a26ee0f21e,5/15/2020,453.98
57fe6356-e437-47db-a193-4e4aca72f22f,2f77ea30-c05c-43e6-b4b4-a73d4a28d009,10/10/2019,444.53
ae2f8c1f-a48c-45bf-b9c8-b4e575d6477a,ab6ea3a8-b297-4d52-9fe6-0f416e447297,7/19/2019,114.56
5d87b7bf-0b0e-4ad7-99ab-88f778f2caae,17c3fcea-aed8-4165-a73c-e33adc03ce2c,2/20/2020,684.02
4ff2e79b-cb15-43e1-9796-a8a5b63b79c1,82493446-c06a-4529-8009-ae84c32ea7c1,8/17/2019,106.11
8924ff0f-f822-4d2d-b7ec-a660dc98a222,9156e723-a14e-4691-98c3-779851d9e050,3/2/2020,718.70
503f6ed5-8c08-430b-aa2c-6c54f6ae7913,d0b1f27c-c2e0-4508-8939-dfa59d54b1e7,6/25/2019,98.29
72ebc8f4-8eeb-4fbf-93ba-da98242d9e0d,493d919e-8159-40bf-83f1-8826b0245bbb,8/6/2019,396.92
a6834344-b60d-478a-83c6-cac58ad8e4b2,d68b8978-49f3-46c4-a52a-132acb883a06,8/23/2019,978.24
294d04f5-cec7-4b84-91f4-ad658ac18007,fc8e71a1-9a8c-4bac-ae20-da6753b25442,5/11/2020,655.34
ef1aa3df-e72e-452b-8074-f1a0e2e8093d,62299c3c-b967-479b-a5ff-7b2c9a7bb983,5/11/2020,792.87
1d37affa-6db3-4787-9613-0fa507928c98,6d4ae00b-8f3e-49de-a14b-4365bee94870,3/28/2020,275.75
f703302b-cd23-4afa-8782-c05a93c35b81,5633cbea-8c7d-4601-8227-7e53723c8d49,2/9/2020,217.65
bb61ac78-0c75-4de3-9815-9befce10dd1a,3471cb4a-9486-4d12-b0b1-eb8e80ecfaaa,5/2/2020,477.92
c2fc625a-b42a-48e8-ade9-7b6d0cfe2357,3bd60252-bc9d-4ad1-b552-5ac2e3ceafba,2/19/2020,692.33
f2eb5b3a-cd5e-43f3-8912-2f67a4febce2,a7c405d9-bb63-451e-9cf1-1e5ef14e89c4,6/7/2020,722.42
a5823410-d5b7-498e-8eda-357f8e3d91e6,2bb4a810-7f61-4202-a581-bcb8a5a7602e,1/1/2020,91.50
74ab5cb2-7887-4f0f-919b-7c29b700f625,8e00229d-68ae-4eff-8bb4-fa08b39be218,4/12/2020,470.25
753fd90c-fa4c-40aa-8223-07b215f01624,06360fe1-4e7c-43a0-819b-fafcb215b9c0,3/17/2020,937.36
ccbe6b08-78cb-41cc-be09-276b34d4a112,adeddbf3-8fa6-4f1b-b420-4e27f54bab9b,4/6/2020,655.09
978af721-b1b0-4efb-bd9c-152c2fe9ae22,e9e6e59d-fc1d-4a51-97a8-7bbae312352d,5/6/2020,779.31
7cf3b892-98a2-463c-856e-89400001f232,f6c5664c-3952-464a-8ab7-c34a2c992839,10/2/2019,621.34
d9b7e8c5-ff25-4374-880a-cd96df80c5d8,39870823-99bb-4865-b502-04d22d67f18f,2/15/2020,233.90
613386fa-d61e-4ca8-bc9a-922aa2b1d41b,8e987f99-b4b9-49b2-aed6-3bc764bd0b74,8/18/2019,823.52
348f53a1-8e1e-4a01-afd4-c755df6ffcc9,61167e60-57e6-43b8-a900-ab6a48d0b72c,7/14/2019,640.72
7be479ea-b587-4b6d-bd7e-24428bffba50,fd9221d9-964c-4be6-8f4f-f9e5afb55850,6/23/2019,898.09
73a3afb0-44ac-485c-8fc4-6b1cd6ab67b9,a0f9830b-660e-4f60-ab54-32e31e7be69b,11/21/2019,895.62
309255eb-bfc9-4e0f-9906-c87800112e99,a26c818d-7455-4ad6-9aaa-986ea45d5086,8/22/2019,456.00
dcaf01e0-0c6e-4f56-b205-593b7cdb3407,2757684d-fc81-4fb7-85be-5f11e37cc8eb,8/5/2019,851.97
46db9b33-b6fa-44fc-9787-1245f2f500c6,0d7442f4-dc48-4759-be44-ed5311f9483b,2/26/2020,923.61
92f10254-4dc2-446c-8915-ae0818549dab,c5861065-d538-4dd7-9407-6ec42eaa2d46,5/11/2020,703.96
e3ac9ab8-213e-48fd-aa44-f86b5cc1a99f,19049c3e-77bc-4a45-85d3-25871a94f88e,3/10/2020,959.95
fd2a8465-ed5f-4551-ae7c-8a03f04ae408,d3851e26-516b-41db-97e5-04027fbe18ec,5/29/2020,113.37
dd13b296-6bed-40c8-8f61-052d2bd6cd35,39870823-99bb-4865-b502-04d22d67f18f,12/16/2019,513.86
6ce9daea-10ea-4fef-beeb-7f3058cd2ad4,4c2f6c0a-764f-4d5c-a896-9d4e1f0975c4,12/31/2019,277.01
93ea719f-e03c-4608-b94c-111f7e58e448,e62b8537-badc-4d15-818f-223475e48638,5/29/2020,67.23
6c7211b7-9579-4a48-8cad-2c4603a01247,4f8ba6d9-f1a7-40f4-8b0b-7e6fff89a01d,9/13/2019,137.46
3a808744-6919-4de8-994c-510bb7763cbd,3bb1ed03-b9e4-462f-902d-6343a2be7984,1/26/2020,240.77
c194cb7f-fb34-41e9-994f-dc8810a5b61c,51379ba7-0418-44d8-beae-b93f6f31e9f0,10/6/2019,37.41
296c6467-a3d1-429c-99b0-8a1dd03d6adf,b1f11278-8bec-44fd-ae47-5b6b975f582f,6/5/2020,22.73
543f2194-80d1-499c-a3b1-751fba5b4550,fee45f2b-a51c-4300-a128-e0cf9a57b393,1/26/2020,324.09
287299a0-82d6-4052-9123-ec3f19a7e716,02823e0b-06c7-4c47-81b3-43d61c9cd92c,6/26/2019,68.28
f25be3b9-7298-4102-9bc5-a73149e44c45,7ccbfa99-b3f5-4342-81ad-daa07693eee2,9/13/2019,964.04
db29f3d7-090d-4a2d-b133-05299b96f0ce,1cd12fc3-c664-4588-90ea-8e3f6a4ce559,2/18/2020,532.63
2260ae0e-aa2c-4736-b5cd-aed86eaa35ae,73313be2-339a-4938-bfea-b84829289f7e,5/23/2020,929.60
bc136226-f2a7-4c7a-91e3-e1b72a3c7f09,c9d725ba-578e-4cb4-abb1-c65950169630,3/13/2020,53.89
46712b83-3eda-4833-85bb-36c3e4032131,217fbe0a-8c7c-477e-8c72-f0757727b6bc,5/24/2020,902.22
c0801cb7-9b57-4782-b6b8-839075ba1cc7,8fa38f33-48cf-415e-a0db-56a3e61ca8ee,7/10/2019,328.18
1642cdfc-d909-422e-9d28-884ce8755640,b84767d9-8a76-409d-88c6-49aff3a0cab8,2/15/2020,754.47
06f0ef74-bd3a-4ab9-a075-9908ac5d791c,5f417036-ba7e-4ef0-adc3-51b7c0fc503c,5/16/2020,477.91
8392d31e-1cd6-4fed-869d-e0ec4ece8c8f,a091f3df-ba1f-459e-bcc2-ed278e263eaa,3/20/2020,42.24
aa0f4c8d-01be-4623-8b00-f6f8c2cecdbc,97c5dc43-5fd3-4c80-bdec-11ac96c69e4e,4/10/2020,910.36
5160cc20-8f52-4b05-af9d-64f080483852,15fdf86c-f8c8-4c34-81cd-a92db291ebb0,3/10/2020,267.93
fd7b2fb2-cc9e-4628-a79e-059ef327aab2,4d10deba-7f22-418d-bd65-d7f7905a6849,6/19/2019,549.32
27ff30d9-4212-433f-86f6-e9a32e7967f8,b767811f-d0fc-4ab3-8288-32be139fe389,10/17/2019,220.01
5558759a-9029-4368-bd82-2f0b8066d681,1749a93e-fb39-4629-8c00-7517490d747f,4/12/2020,883.66
dc5f6200-f479-4122-80b4-7edf179e5b32,96b9bdd1-83a5-4fe2-bb97-f43a2a88afda,9/10/2019,528.69
e4c547da-e492-431b-ad83-86d5d70bf33f,26fa5a49-5194-40eb-8faf-219c9fff831e,2/7/2020,213.32
c9543ad6-b65f-4026-9391-9811c34dc71f,cc567b6d-a475-47b2-9e41-22ea86cb6e69,2/12/2020,496.20
10bce27a-68b4-4979-b231-4969d750921d,f6abf71d-4fb4-4cec-b8a4-4c29ec3aa31a,10/3/2019,842.84
6640f266-2213-44e4-83b6-4cbcf550dc14,1f4e23e9-7e55-4d5b-aef9-ff52e9f65e37,12/20/2019,552.38
95513930-4e13-489a-83f5-2c27916f7cd6,80b98ab3-c650-4f9b-a688-25c48fd4129a,11/5/2019,780.25
3e498497-e29c-4996-9c78-7c37f3447c32,3eb36a86-c812-4009-8af9-9c9d3e1b03e4,7/24/2019,555.97
a6b4906a-dc76-46fb-b1d0-b7eaadd2fdc8,c0bcf0a2-fbb3-4cef-baac-c5c908183e3d,3/21/2020,938.09
eff0b682-c5c5-4b5a-b542-b1588b66d8f6,ef938c52-33a0-4514-aa79-0120cd0d6f82,10/10/2019,583.91
eb694619-e52c-44f5-a390-5e7e7a341550,05acf02e-2c56-4659-807f-e815e70bb389,8/25/2019,79.78
659d64e7-9f2c-470c-a20a-b291cc960bbb,5a05e6a7-89c3-4e91-8200-62324cd5ec57,10/19/2019,520.01
a38bbeba-b099-4e2c-ba7f-2b13b6e2e36e,9482aa95-1185-4fbe-88e2-822dda49f865,2/19/2020,61.83
4ac2e9c3-d980-4c18-808d-3829a98fb493,b0466ba1-bb22-455f-8f26-7d7966b5ace5,1/27/2020,981.78
c2acf97d-d917-4d88-9919-3e93f2f3e4b8,d5faf977-d981-4d5a-8d77-5dfc4dc3a621,3/29/2020,399.99
58299c00-66e8-432f-bc6a-c0395c3333a5,58bc6fee-8410-489c-bfb7-0286e2237c82,8/12/2019,168.89
c936990e-b60a-4e9e-81c8-59822c30033c,50d5545b-9276-4d1e-9b08-c1951c9acbf2,6/6/2020,128.68
68bdf8f4-bcea-4a7f-bf3e-cc748ed27710,839befa9-5927-409d-bcf4-0f746dbc77a9,6/1/2020,963.92
639628b7-d74f-435a-9a0c-a7838db098ad,e7a56644-0f4f-4afd-965e-1ed57cf12492,8/26/2019,720.96
6e61e3d7-f5fb-48b0-97b5-19aed424493a,b1c482f2-90cc-45b3-97e0-a3dd07bd39b6,8/7/2019,732.86
76d041a4-1c6b-4c57-8a6b-b67eba3c1047,e615c90c-6d53-45c1-b6fc-25e1287d7b50,12/3/2019,799.61
2cf40404-ab13-4a68-bda7-1aa855ed0f24,8b2ad548-48f4-429c-8b74-c2131cd1b076,10/14/2019,281.76
5967baf5-bbe1-41d5-b32c-871af00eabd0,a221f00e-0f8f-42d1-8840-51fb35e6ed7f,9/18/2019,251.86
7d08c4e5-0f54-4807-82df-f1292fb45af7,ccc5348b-d090-4852-baad-8a708cde87dc,7/5/2019,838.65
45e55616-c836-4d59-ab6e-47954d1f18f9,cc3af5a4-09b5-4d75-b4f6-27dee01af610,9/17/2019,321.17
d876dc50-4a5c-4b2d-b488-b204a3d35e74,79f674fc-7a11-42e4-9d79-08361fbaab31,3/1/2020,900.78
50541a69-8f12-4f65-af26-72ad5eff4bfb,0e38a9ce-aa60-40a3-89e1-00537a6611fe,6/3/2020,95.04
3095dab8-226f-460f-a474-ff21de7fd9f9,af66d52d-9c00-4f60-9c5d-7e5a2c506faa,2/1/2020,912.60
4f3bf8f6-fea0-4248-bb37-cb9458aa1198,6f1dd5f1-f783-4dac-bce9-c17d70e0a4b1,12/28/2019,967.54
9bf5dc34-1f2f-4b85-8e5b-6960ed1e2719,bf80563a-4345-46b9-a78b-928512da82e1,9/12/2019,481.83
d3caa863-ed32-4094-a8c3-58b1576cc889,d0fcb715-ce2b-4a92-bc31-04e3c3a280ab,4/8/2020,251.42
06bcc05b-1a22-4ab6-a007-d11d99381a20,c09f5a57-e9bc-4ccc-ab5b-c5e74a28e824,7/6/2019,666.34
73e846ea-445d-4ad7-9e3f-04f7936b8b08,9918c48d-e56e-49df-9648-5cdc79eca4a6,3/16/2020,986.66
1b1638ec-4f9d-491b-9000-c17e8895549c,f01107fe-fbb5-40d3-8d7f-0a48e90877a3,9/3/2019,343.15
3892a623-8218-45ee-b60d-b88167a61b0b,ac6e69fa-37d6-4061-a410-629a732a31ec,10/16/2019,935.75
6db2512d-0605-4ba0-b97f-386d1697c498,265acdfb-4ced-473f-a08f-185495bf4533,11/26/2019,642.41
0724f9b0-93af-4f65-9849-3704fb1b2474,a37ddc07-c81a-4dfc-986f-ff0cd6829f2b,7/14/2019,791.32
4dc9f264-6c87-4abd-a6e4-466337f41589,c1c49b93-dc76-4f9f-9a0e-f5e4554738a0,12/2/2019,667.67
1d242e27-f8eb-4909-89c2-541b345f10a2,f396b505-66b3-4de4-8193-8ac89b611a2b,2/1/2020,956.76
99bbb5fe-310d-4ca2-993e-e3fcfd7eeb6e,940a0094-0150-498d-8bf4-1c35ff132213,7/8/2019,950.85
76a22fa1-c10b-4505-adbe-343c6675311d,0e38a9ce-aa60-40a3-89e1-00537a6611fe,1/24/2020,321.35
726ea4e8-ae10-4f77-a627-b3715b9324fd,eaffb1c1-ff84-414b-bbcc-0abdb39c7b79,5/23/2020,153.01
502b1ccd-ecb4-478a-865a-961adab1201d,51379ba7-0418-44d8-beae-b93f6f31e9f0,1/8/2020,950.87
9f0a0b3e-7129-4dd2-909d-fca29c66dfb7,f596169f-fdfd-4f5f-acfa-f7fce3df375e,3/28/2020,425.52
f3b4fa47-dfeb-4ad5-beba-d3f0819c5382,6d3f6e27-26aa-4683-8882-a6e910c6347f,3/21/2020,899.76
24bfcab3-be0d-41fc-95d1-bbecf4d7d537,b35bc2f0-a12d-4597-8745-407e2bc5f0b3,5/25/2020,29.65
60f27b47-4a10-4282-ad9c-aebe7e52bc40,01f0fe5c-df9e-4058-b8dd-45897f3a3945,8/4/2019,413.93
05789823-585f-4cc2-ad2c-3f966d86b90d,700fd450-ec69-4ae1-8864-8f58475252b9,5/28/2020,82.10
40742637-47b4-4aa2-98de-4653b3729c7b,8252ea4e-9773-4e70-849a-6b51a083af12,2/24/2020,243.68
18cfe58f-e2e9-4370-8dc9-53a78c2ed4e3,8e8cc4be-6b4f-4723-b68a-0b300fd88dc2,5/4/2020,906.70
d746c3af-91ab-4a96-a702-38b2167ae29f,4dfdf7a5-0d5b-4dc9-84c9-30b8569d687f,7/12/2019,936.75
fd0781f4-3b84-4547-9be2-b03ca17ef43d,b90bdbf8-8779-4a80-ad5c-54b37350cd92,7/6/2019,974.95
72685746-dc19-49c7-8e47-07ccf296ade7,6749ba06-83a9-4eec-a981-adc9a25aa197,7/5/2019,156.31
c98a8584-7244-4894-9d52-5b6f25f81c00,0957f91f-2ec0-4e58-9a75-ef0a40fa52be,7/15/2019,981.67
5b28fd4b-cd56-4e8d-b991-9f9113c8f448,3bb1ed03-b9e4-462f-902d-6343a2be7984,5/2/2020,164.99
5ef9f99b-2096-48d2-abc8-5b937b8adcf0,8f69533e-8a50-48d7-8721-4baa32645bc1,12/14/2019,607.88
7764b3b9-f182-4153-ba05-a5317f71c9b3,446e3b36-9b4e-4139-aa17-cb9eef8199cd,3/29/2020,366.80
32f86019-c761-4b50-b323-9ba4b6d3fa6d,dee42b50-3f93-4ee1-ab36-39771d89f722,4/15/2020,791.54
9f15f92f-d370-44dd-a43e-3ebb97f742ab,cda17c89-fb1f-4416-8530-043e295f1ffb,2/11/2020,719.55
55d05a94-b84f-4f7d-8910-50e3ebe87931,84670e47-6fea-42c9-b82e-27fd5611c7db,11/22/2019,103.58
5e0f4cfb-7900-42d6-8d88-ef57a045e48a,e69b096a-cbc5-4e68-82d1-b4545e26b6d0,4/11/2020,629.87
78106cc9-463a-40e7-84f9-42b5528330e3,fb88e3da-cfea-4c41-9841-c96032c0077a,7/11/2019,398.64
4ab9cf71-2f97-4f32-841b-fcb902164a38,c4e9b30b-cd20-4104-9431-050a13506ef8,9/5/2019,126.68
16c5e8c7-4aa0-44ae-82a4-5b1407ed4f6e,68a3a6d9-71bf-4a71-a40b-64a26ee0f21e,10/17/2019,963.45
77425aaf-8585-4376-b212-0d4e3b8eb992,835130dd-5a07-4794-9963-05dc26bde35f,4/5/2020,923.71
d924700e-0bb1-49ba-a4fe-448ed43146e1,53a168f5-d837-43e6-a88c-1712a1839bb3,8/7/2019,368.58
c561f919-fb93-47fb-a29c-32a7e77a5360,a5914847-4689-4443-aa8c-dff5607b8f01,3/29/2020,483.54
89148e59-b46a-40c6-a9f1-58c0eb746334,372e4c25-420a-4ea4-9889-d2df3f01d276,6/29/2019,333.43
69b0693b-ca85-47b5-8c1f-1ad6ebf3c136,a26c818d-7455-4ad6-9aaa-986ea45d5086,12/29/2019,808.28
b0be2414-af92-4dcb-b859-6d9827294f76,50d5545b-9276-4d1e-9b08-c1951c9acbf2,3/13/2020,257.01
679ce018-a328-4906-922b-4673fd5661e2,00eb3f67-d401-4541-b9f6-b936b383c5bb,6/6/2020,419.81
9d109318-08c7-4c67-baf0-f4231d41877f,658070e2-f546-447c-9c27-6de3a8d3e2b1,12/18/2019,311.70
0afd800d-a9a6-4a9e-ae17-573e63b727ee,512319dd-d752-468b-aa25-2e7a4dbdfd26,6/12/2020,245.62
d183bb09-a7e7-4b06-8b85-bd05f048ceca,473f3900-a682-441d-b760-ade01a6a8f52,1/31/2020,74.11
81b5ad4c-c225-454c-b166-c5d9ec398d2e,e25cd063-cd5f-4416-9324-56a080bdc876,9/3/2019,673.34
a2fa1964-d943-40ad-a284-3431f31ba08d,317362b7-06e0-42b2-9c1e-934c22433798,11/4/2019,735.55
5d76228b-4acc-4e18-b744-293ab20acc35,eb480eb7-71b2-4516-9674-8e722b6d66d1,1/24/2020,206.03
cb03eda0-a4c4-43ee-b4bf-88b94a2c690c,fc57e944-f081-46cd-96ce-ec3eddb6684f,6/23/2019,393.81
bde4e858-6893-4a0f-ae87-2a50fe9b53e3,cb8fd80c-1244-472a-8df6-f559de9fc52b,9/15/2019,364.50
9c395034-6655-4b60-9a62-8253fe340183,6d3f6e27-26aa-4683-8882-a6e910c6347f,7/29/2019,931.49
ba4dab4d-d45f-4e8d-a46d-f6ed73a4335b,88fe6dee-6bd9-4cc2-a170-d16d851f0c3d,4/4/2020,195.96
b827f9a1-520e-4a59-8cab-f4592c5db8d3,50f4dff6-8d91-4a51-90d1-c61bcdc5b849,12/12/2019,522.15
7b665072-bddc-4bf8-b7e1-b8b4f9053f57,3cc5331e-e8ca-42ed-b53f-3185c3f4eff3,10/9/2019,846.07
05af91ff-51c4-491c-8444-4ed5665d20cc,422607cc-7eb1-42e1-bb37-ef33d192cd69,11/13/2019,212.66
5839451c-9358-4546-a704-268481b8fbd4,8e987f99-b4b9-49b2-aed6-3bc764bd0b74,6/25/2019,825.44
36fe88d2-2563-4741-9bc2-5d0e4521a5c3,f47d2808-f46f-4457-9457-958005be9c31,3/19/2020,968.36
931aa9ba-e1c2-49ec-93bc-50ae269ad18b,1cd12fc3-c664-4588-90ea-8e3f6a4ce559,1/24/2020,602.41
d2a3aaf9-8a54-41fd-a0d7-af205d917742,b575cff0-9d6d-442a-a925-d3b4a6edbf32,2/29/2020,690.93
48bb58b0-97a3-4a50-87ce-f460cddfb5b4,0afacf3b-a4e2-4018-865b-79dc07f8861a,11/6/2019,117.16
3ef56114-2ee6-4f77-b3df-904c71cc0919,cda17c89-fb1f-4416-8530-043e295f1ffb,3/28/2020,763.06
a39b251d-4fcf-4278-8cf4-2de773ee7d09,c71ceb3c-d626-4e9c-b2ea-751745066088,8/23/2019,488.08
5df13959-51f6-4d5c-bdea-3700de0d8ae6,fa60af9f-6d13-4970-a0af-7a38801fcbc8,5/23/2020,540.92
d41e329b-1e5b-4c2f-8705-eba77133e186,02d62554-3e60-4ef8-a760-b2c75a148570,9/7/2019,299.23
23bae8c6-7696-49cd-b705-36be575d291c,2f77ea30-c05c-43e6-b4b4-a73d4a28d009,4/8/2020,44.34
be339a63-37f1-4908-bb2e-5a22a60d98e5,71795283-c30e-48f9-9130-d101a607478f,12/12/2019,384.26
65822d8c-5b63-4ed2-8126-8425d5a80a17,339a488c-bb3c-40ab-a9b9-d3de627c4d41,8/3/2019,812.42
bc8cff89-a314-4bba-b599-135fdd2378fe,0bfd0ae3-ba2d-4012-a4ab-c01881931ac8,5/12/2020,471.46
8b288d2f-e5c8-47c2-8b8c-424c36c1be52,d09fd3a9-7191-4ce9-99da-4f8ee8ddcbc0,8/26/2019,622.59
217d87ee-87be-45e7-b04e-7d017ffe0345,7b212707-6e67-4659-9813-3202a0ed6487,7/9/2019,827.89
038e09d9-a182-4ddb-a8e8-37753c66cd27,6d9fa564-5cf1-4523-b94a-ebdb306dcc3c,4/8/2020,653.18
f88ee07e-8add-407a-a0a8-07e99f18fc8f,e29abc43-f48e-44b0-8afc-d48c35a19d6a,4/29/2020,30.52
8d4aad0f-6c30-4604-b6bd-85f9ec8add15,6e22fedf-7a96-44c6-a37a-67919066d691,5/31/2020,117.02
f150a18d-72c7-40aa-8f54-3578243f200e,a091f3df-ba1f-459e-bcc2-ed278e263eaa,4/7/2020,156.96
e70c8ba5-6de1-4806-9bfd-8fd1fdc82fd6,02d62554-3e60-4ef8-a760-b2c75a148570,8/19/2019,740.98
